OPR_DT,NODE,MW,INTERVALSTARTTIME,INTERVALENDTIME,Hour_Label
2025-04-07,POD_ADLIN_1_UNITS-APND,4.7952,2025-04-07 00:00:00,2025-04-07 01:00:00,00:00-01:00
2025-04-07,POD_ADLIN_1_UNITS-APND,-6.72152,2025-04-07 01:00:00,2025-04-07 02:00:00,01:00-02:00
2025-04-07,POD_ADLIN_1_UNITS-APND,-4.41947,2025-04-07 02:00:00,2025-04-07 03:00:00,02:00-03:00
2025-04-07,POD_ADLIN_1_UNITS-APND,-7.62245,2025-04-07 03:00:00,2025-04-07 04:00:00,03:00-04:00
2025-04-07,POD_ADLIN_1_UNITS-APND,-7.82635,2025-04-07 04:00:00,2025-04-07 05:00:00,04:00-05:00
2025-04-07,POD_ADLIN_1_UNITS-APND,-3.47959,2025-04-07 05:00:00,2025-04-07 06:00:00,05:00-06:00
2025-04-07,POD_ADLIN_1_UNITS-APND,-77.01195,2025-04-07 06:00:00,2025-04-07 07:00:00,06:00-07:00
2025-04-07,POD_ADLIN_1_UNITS-APND,-76.74341,2025-04-07 07:00:00,2025-04-07 08:00:00,07:00-08:00
2025-04-07,POD_ADLIN_1_UNITS-APND,-76.94555,2025-04-07 08:00:00,2025-04-07 09:00:00,08:00-09:00
2025-04-07,POD_ADLIN_1_UNITS-APND,-76.9299,2025-04-07 09:00:00,2025-04-07 10:00:00,09:00-10:00
2025-04-07,POD_ADLIN_1_UNITS-APND,-69.96157,2025-04-07 10:00:00,2025-04-07 11:00:00,10:00-11:00
2025-04-07,POD_ADLIN_1_UNITS-APND,-74.47686,2025-04-07 11:00:00,2025-04-07 12:00:00,11:00-12:00
2025-04-07,POD_ADLIN_1_UNITS-APND,-75.00272,2025-04-07 12:00:00,2025-04-07 13:00:00,12:00-13:00
2025-04-07,POD_ADLIN_1_UNITS-APND,-75.0197,2025-04-07 13:00:00,2025-04-07 14:00:00,13:00-14:00
2025-04-07,POD_ADLIN_1_UNITS-APND,-77.01009,2025-04-07 14:00:00,2025-04-07 15:00:00,14:00-15:00
2025-04-07,POD_ADLIN_1_UNITS-APND,-77.02189,2025-04-07 15:00:00,2025-04-07 16:00:00,15:00-16:00
2025-04-07,POD_ADLIN_1_UNITS-APND,-77.00457,2025-04-07 16:00:00,2025-04-07 17:00:00,16:00-17:00
2025-04-07,POD_ADLIN_1_UNITS-APND,-68.80895,2025-04-07 17:00:00,2025-04-07 18:00:00,17:00-18:00
2025-04-07,POD_ADLIN_1_UNITS-APND,-65.51523,2025-04-07 18:00:00,2025-04-07 19:00:00,18:00-19:00
2025-04-07,POD_ADLIN_1_UNITS-APND,-9.12479,2025-04-07 19:00:00,2025-04-07 20:00:00,19:00-20:00
2025-04-07,POD_ADLIN_1_UNITS-APND,4.63372,2025-04-07 20:00:00,2025-04-07 21:00:00,20:00-21:00
2025-04-07,POD_ADLIN_1_UNITS-APND,-0.47267,2025-04-07 21:00:00,2025-04-07 22:00:00,21:00-22:00
2025-04-07,POD_ADLIN_1_UNITS-APND,-1.15512,2025-04-07 22:00:00,2025-04-07 23:00:00,22:00-23:00
2025-04-07,POD_ADLIN_1_UNITS-APND,3.24119,2025-04-07 23:00:00,2025-04-08 00:00:00,23:00-00:00
2025-04-08,POD_ADLIN_1_UNITS-APND,17.47892,2025-04-08 00:00:00,2025-04-08 01:00:00,00:00-01:00
2025-04-08,POD_ADLIN_1_UNITS-APND,2.94984,2025-04-08 01:00:00,2025-04-08 02:00:00,01:00-02:00
2025-04-08,POD_ADLIN_1_UNITS-APND,20.74344,2025-04-08 02:00:00,2025-04-08 03:00:00,02:00-03:00
2025-04-08,POD_ADLIN_1_UNITS-APND,22.35197,2025-04-08 03:00:00,2025-04-08 04:00:00,03:00-04:00
2025-04-08,POD_ADLIN_1_UNITS-APND,20.23025,2025-04-08 04:00:00,2025-04-08 05:00:00,04:00-05:00
2025-04-08,POD_ADLIN_1_UNITS-APND,19.95497,2025-04-08 05:00:00,2025-04-08 06:00:00,05:00-06:00
2025-04-08,POD_ADLIN_1_UNITS-APND,21.43794,2025-04-08 06:00:00,2025-04-08 07:00:00,06:00-07:00
2025-04-08,POD_ADLIN_1_UNITS-APND,2.11836,2025-04-08 07:00:00,2025-04-08 08:00:00,07:00-08:00
2025-04-08,POD_ADLIN_1_UNITS-APND,1.14924,2025-04-08 08:00:00,2025-04-08 09:00:00,08:00-09:00
2025-04-08,POD_ADLIN_1_UNITS-APND,-4.16966,2025-04-08 09:00:00,2025-04-08 10:00:00,09:00-10:00
2025-04-08,POD_ADLIN_1_UNITS-APND,-5.50529,2025-04-08 10:00:00,2025-04-08 11:00:00,10:00-11:00
2025-04-08,POD_ADLIN_1_UNITS-APND,-36.52249,2025-04-08 11:00:00,2025-04-08 12:00:00,11:00-12:00
2025-04-08,POD_ADLIN_1_UNITS-APND,-42.51946,2025-04-08 12:00:00,2025-04-08 13:00:00,12:00-13:00
2025-04-08,POD_ADLIN_1_UNITS-APND,-8.71925,2025-04-08 13:00:00,2025-04-08 14:00:00,13:00-14:00
2025-04-08,POD_ADLIN_1_UNITS-APND,-9.18383,2025-04-08 14:00:00,2025-04-08 15:00:00,14:00-15:00
2025-04-08,POD_ADLIN_1_UNITS-APND,-9.27535,2025-04-08 15:00:00,2025-04-08 16:00:00,15:00-16:00
2025-04-08,POD_ADLIN_1_UNITS-APND,-15.24329,2025-04-08 16:00:00,2025-04-08 17:00:00,16:00-17:00
2025-04-08,POD_ADLIN_1_UNITS-APND,-18.30716,2025-04-08 17:00:00,2025-04-08 18:00:00,17:00-18:00
2025-04-08,POD_ADLIN_1_UNITS-APND,27.25482,2025-04-08 18:00:00,2025-04-08 19:00:00,18:00-19:00
2025-04-08,POD_ADLIN_1_UNITS-APND,30.2921,2025-04-08 19:00:00,2025-04-08 20:00:00,19:00-20:00
2025-04-08,POD_ADLIN_1_UNITS-APND,24.82298,2025-04-08 20:00:00,2025-04-08 21:00:00,20:00-21:00
2025-04-08,POD_ADLIN_1_UNITS-APND,3.14473,2025-04-08 21:00:00,2025-04-08 22:00:00,21:00-22:00
2025-04-08,POD_ADLIN_1_UNITS-APND,9.00007,2025-04-08 22:00:00,2025-04-08 23:00:00,22:00-23:00
2025-04-08,POD_ADLIN_1_UNITS-APND,12.4534,2025-04-08 23:00:00,2025-04-09 00:00:00,23:00-00:00
2025-04-09,POD_ADLIN_1_UNITS-APND,17.92476,2025-04-09 00:00:00,2025-04-09 01:00:00,00:00-01:00
2025-04-09,POD_ADLIN_1_UNITS-APND,7.08553,2025-04-09 01:00:00,2025-04-09 02:00:00,01:00-02:00
2025-04-09,POD_ADLIN_1_UNITS-APND,20.2051,2025-04-09 02:00:00,2025-04-09 03:00:00,02:00-03:00
2025-04-09,POD_ADLIN_1_UNITS-APND,17.28105,2025-04-09 03:00:00,2025-04-09 04:00:00,03:00-04:00
2025-04-09,POD_ADLIN_1_UNITS-APND,9.88611,2025-04-09 04:00:00,2025-04-09 05:00:00,04:00-05:00
2025-04-09,POD_ADLIN_1_UNITS-APND,19.62713,2025-04-09 05:00:00,2025-04-09 06:00:00,05:00-06:00
2025-04-09,POD_ADLIN_1_UNITS-APND,40.45776,2025-04-09 06:00:00,2025-04-09 07:00:00,06:00-07:00
2025-04-09,POD_ADLIN_1_UNITS-APND,22.8564,2025-04-09 07:00:00,2025-04-09 08:00:00,07:00-08:00
2025-04-09,POD_ADLIN_1_UNITS-APND,8.94493,2025-04-09 08:00:00,2025-04-09 09:00:00,08:00-09:00
2025-04-09,POD_ADLIN_1_UNITS-APND,-0.29561,2025-04-09 09:00:00,2025-04-09 10:00:00,09:00-10:00
2025-04-09,POD_ADLIN_1_UNITS-APND,-4.06039,2025-04-09 10:00:00,2025-04-09 11:00:00,10:00-11:00
2025-04-09,POD_ADLIN_1_UNITS-APND,-4.78062,2025-04-09 11:00:00,2025-04-09 12:00:00,11:00-12:00
2025-04-09,POD_ADLIN_1_UNITS-APND,-4.8222,2025-04-09 12:00:00,2025-04-09 13:00:00,12:00-13:00
2025-04-09,POD_ADLIN_1_UNITS-APND,-4.88042,2025-04-09 13:00:00,2025-04-09 14:00:00,13:00-14:00
2025-04-09,POD_ADLIN_1_UNITS-APND,-4.98311,2025-04-09 14:00:00,2025-04-09 15:00:00,14:00-15:00
2025-04-09,POD_ADLIN_1_UNITS-APND,-4.91147,2025-04-09 15:00:00,2025-04-09 16:00:00,15:00-16:00
2025-04-09,POD_ADLIN_1_UNITS-APND,-2.80749,2025-04-09 16:00:00,2025-04-09 17:00:00,16:00-17:00
2025-04-09,POD_ADLIN_1_UNITS-APND,10.34577,2025-04-09 17:00:00,2025-04-09 18:00:00,17:00-18:00
2025-04-09,POD_ADLIN_1_UNITS-APND,34.81504,2025-04-09 18:00:00,2025-04-09 19:00:00,18:00-19:00
2025-04-09,POD_ADLIN_1_UNITS-APND,36.13404,2025-04-09 19:00:00,2025-04-09 20:00:00,19:00-20:00
2025-04-09,POD_ADLIN_1_UNITS-APND,29.76041,2025-04-09 20:00:00,2025-04-09 21:00:00,20:00-21:00
2025-04-09,POD_ADLIN_1_UNITS-APND,29.29614,2025-04-09 21:00:00,2025-04-09 22:00:00,21:00-22:00
2025-04-09,POD_ADLIN_1_UNITS-APND,4.91065,2025-04-09 22:00:00,2025-04-09 23:00:00,22:00-23:00
2025-04-09,POD_ADLIN_1_UNITS-APND,26.1608,2025-04-09 23:00:00,2025-04-10 00:00:00,23:00-00:00
2025-04-10,POD_ADLIN_1_UNITS-APND,30.3513,2025-04-10 00:00:00,2025-04-10 01:00:00,00:00-01:00
2025-04-10,POD_ADLIN_1_UNITS-APND,24.40817,2025-04-10 01:00:00,2025-04-10 02:00:00,01:00-02:00
2025-04-10,POD_ADLIN_1_UNITS-APND,29.81627,2025-04-10 02:00:00,2025-04-10 03:00:00,02:00-03:00
2025-04-10,POD_ADLIN_1_UNITS-APND,25.92014,2025-04-10 03:00:00,2025-04-10 04:00:00,03:00-04:00
2025-04-10,POD_ADLIN_1_UNITS-APND,27.69133,2025-04-10 04:00:00,2025-04-10 05:00:00,04:00-05:00
2025-04-10,POD_ADLIN_1_UNITS-APND,32.27295,2025-04-10 05:00:00,2025-04-10 06:00:00,05:00-06:00
2025-04-10,POD_ADLIN_1_UNITS-APND,48.57275,2025-04-10 06:00:00,2025-04-10 07:00:00,06:00-07:00
2025-04-10,POD_ADLIN_1_UNITS-APND,31.13991,2025-04-10 07:00:00,2025-04-10 08:00:00,07:00-08:00
2025-04-10,POD_ADLIN_1_UNITS-APND,23.26973,2025-04-10 08:00:00,2025-04-10 09:00:00,08:00-09:00
2025-04-10,POD_ADLIN_1_UNITS-APND,16.0247,2025-04-10 09:00:00,2025-04-10 10:00:00,09:00-10:00
2025-04-10,POD_ADLIN_1_UNITS-APND,4.15314,2025-04-10 10:00:00,2025-04-10 11:00:00,10:00-11:00
2025-04-10,POD_ADLIN_1_UNITS-APND,-4.60587,2025-04-10 11:00:00,2025-04-10 12:00:00,11:00-12:00
2025-04-10,POD_ADLIN_1_UNITS-APND,-2.23313,2025-04-10 12:00:00,2025-04-10 13:00:00,12:00-13:00
2025-04-10,POD_ADLIN_1_UNITS-APND,-4.24373,2025-04-10 13:00:00,2025-04-10 14:00:00,13:00-14:00
2025-04-10,POD_ADLIN_1_UNITS-APND,-4.95278,2025-04-10 14:00:00,2025-04-10 15:00:00,14:00-15:00
2025-04-10,POD_ADLIN_1_UNITS-APND,2.78975,2025-04-10 15:00:00,2025-04-10 16:00:00,15:00-16:00
2025-04-10,POD_ADLIN_1_UNITS-APND,7.20764,2025-04-10 16:00:00,2025-04-10 17:00:00,16:00-17:00
2025-04-10,POD_ADLIN_1_UNITS-APND,14.07871,2025-04-10 17:00:00,2025-04-10 18:00:00,17:00-18:00
2025-04-10,POD_ADLIN_1_UNITS-APND,36.14229,2025-04-10 18:00:00,2025-04-10 19:00:00,18:00-19:00
2025-04-10,POD_ADLIN_1_UNITS-APND,42.11495,2025-04-10 19:00:00,2025-04-10 20:00:00,19:00-20:00
2025-04-10,POD_ADLIN_1_UNITS-APND,30.99949,2025-04-10 20:00:00,2025-04-10 21:00:00,20:00-21:00
2025-04-10,POD_ADLIN_1_UNITS-APND,26.14415,2025-04-10 21:00:00,2025-04-10 22:00:00,21:00-22:00
2025-04-10,POD_ADLIN_1_UNITS-APND,20.4718,2025-04-10 22:00:00,2025-04-10 23:00:00,22:00-23:00
2025-04-10,POD_ADLIN_1_UNITS-APND,21.30088,2025-04-10 23:00:00,2025-04-11 00:00:00,23:00-00:00
2025-04-11,POD_ADLIN_1_UNITS-APND,28.46313,2025-04-11 00:00:00,2025-04-11 01:00:00,00:00-01:00
2025-04-11,POD_ADLIN_1_UNITS-APND,22.66038,2025-04-11 01:00:00,2025-04-11 02:00:00,01:00-02:00
2025-04-11,POD_ADLIN_1_UNITS-APND,22.15912,2025-04-11 02:00:00,2025-04-11 03:00:00,02:00-03:00
2025-04-11,POD_ADLIN_1_UNITS-APND,20.32017,2025-04-11 03:00:00,2025-04-11 04:00:00,03:00-04:00
2025-04-11,POD_ADLIN_1_UNITS-APND,24.11696,2025-04-11 04:00:00,2025-04-11 05:00:00,04:00-05:00
2025-04-11,POD_ADLIN_1_UNITS-APND,29.0944,2025-04-11 05:00:00,2025-04-11 06:00:00,05:00-06:00
2025-04-11,POD_ADLIN_1_UNITS-APND,31.17701,2025-04-11 06:00:00,2025-04-11 07:00:00,06:00-07:00
2025-04-11,POD_ADLIN_1_UNITS-APND,16.85669,2025-04-11 07:00:00,2025-04-11 08:00:00,07:00-08:00
2025-04-11,POD_ADLIN_1_UNITS-APND,2.08017,2025-04-11 08:00:00,2025-04-11 09:00:00,08:00-09:00
2025-04-11,POD_ADLIN_1_UNITS-APND,0.03158,2025-04-11 09:00:00,2025-04-11 10:00:00,09:00-10:00
2025-04-11,POD_ADLIN_1_UNITS-APND,-3.4653,2025-04-11 10:00:00,2025-04-11 11:00:00,10:00-11:00
2025-04-11,POD_ADLIN_1_UNITS-APND,-13.43019,2025-04-11 11:00:00,2025-04-11 12:00:00,11:00-12:00
2025-04-11,POD_ADLIN_1_UNITS-APND,-13.93837,2025-04-11 12:00:00,2025-04-11 13:00:00,12:00-13:00
2025-04-11,POD_ADLIN_1_UNITS-APND,-17.06993,2025-04-11 13:00:00,2025-04-11 14:00:00,13:00-14:00
2025-04-11,POD_ADLIN_1_UNITS-APND,-13.83994,2025-04-11 14:00:00,2025-04-11 15:00:00,14:00-15:00
2025-04-11,POD_ADLIN_1_UNITS-APND,-12.05721,2025-04-11 15:00:00,2025-04-11 16:00:00,15:00-16:00
2025-04-11,POD_ADLIN_1_UNITS-APND,-7.7768,2025-04-11 16:00:00,2025-04-11 17:00:00,16:00-17:00
2025-04-11,POD_ADLIN_1_UNITS-APND,6.92533,2025-04-11 17:00:00,2025-04-11 18:00:00,17:00-18:00
2025-04-11,POD_ADLIN_1_UNITS-APND,13.63824,2025-04-11 18:00:00,2025-04-11 19:00:00,18:00-19:00
2025-04-11,POD_ADLIN_1_UNITS-APND,16.70224,2025-04-11 19:00:00,2025-04-11 20:00:00,19:00-20:00
2025-04-11,POD_ADLIN_1_UNITS-APND,15.66463,2025-04-11 20:00:00,2025-04-11 21:00:00,20:00-21:00
2025-04-11,POD_ADLIN_1_UNITS-APND,21.25459,2025-04-11 21:00:00,2025-04-11 22:00:00,21:00-22:00
2025-04-11,POD_ADLIN_1_UNITS-APND,17.25962,2025-04-11 22:00:00,2025-04-11 23:00:00,22:00-23:00
2025-04-11,POD_ADLIN_1_UNITS-APND,10.47455,2025-04-11 23:00:00,2025-04-12 00:00:00,23:00-00:00
2025-04-12,POD_ADLIN_1_UNITS-APND,10.05052,2025-04-12 00:00:00,2025-04-12 01:00:00,00:00-01:00
2025-04-12,POD_ADLIN_1_UNITS-APND,8.27935,2025-04-12 01:00:00,2025-04-12 02:00:00,01:00-02:00
2025-04-12,POD_ADLIN_1_UNITS-APND,8.52041,2025-04-12 02:00:00,2025-04-12 03:00:00,02:00-03:00
2025-04-12,POD_ADLIN_1_UNITS-APND,16.53473,2025-04-12 03:00:00,2025-04-12 04:00:00,03:00-04:00
2025-04-12,POD_ADLIN_1_UNITS-APND,20.3542,2025-04-12 04:00:00,2025-04-12 05:00:00,04:00-05:00
2025-04-12,POD_ADLIN_1_UNITS-APND,22.84064,2025-04-12 05:00:00,2025-04-12 06:00:00,05:00-06:00
2025-04-12,POD_ADLIN_1_UNITS-APND,26.17742,2025-04-12 06:00:00,2025-04-12 07:00:00,06:00-07:00
2025-04-12,POD_ADLIN_1_UNITS-APND,14.28175,2025-04-12 07:00:00,2025-04-12 08:00:00,07:00-08:00
2025-04-12,POD_ADLIN_1_UNITS-APND,6.75198,2025-04-12 08:00:00,2025-04-12 09:00:00,08:00-09:00
2025-04-12,POD_ADLIN_1_UNITS-APND,3.9669,2025-04-12 09:00:00,2025-04-12 10:00:00,09:00-10:00
2025-04-12,POD_ADLIN_1_UNITS-APND,-2.69181,2025-04-12 10:00:00,2025-04-12 11:00:00,10:00-11:00
2025-04-12,POD_ADLIN_1_UNITS-APND,-7.72163,2025-04-12 11:00:00,2025-04-12 12:00:00,11:00-12:00
2025-04-12,POD_ADLIN_1_UNITS-APND,-10.13762,2025-04-12 12:00:00,2025-04-12 13:00:00,12:00-13:00
2025-04-12,POD_ADLIN_1_UNITS-APND,-6.14,2025-04-12 13:00:00,2025-04-12 14:00:00,13:00-14:00
2025-04-12,POD_ADLIN_1_UNITS-APND,-9.96124,2025-04-12 14:00:00,2025-04-12 15:00:00,14:00-15:00
2025-04-12,POD_ADLIN_1_UNITS-APND,-7.07708,2025-04-12 15:00:00,2025-04-12 16:00:00,15:00-16:00
2025-04-12,POD_ADLIN_1_UNITS-APND,-6.26492,2025-04-12 16:00:00,2025-04-12 17:00:00,16:00-17:00
2025-04-12,POD_ADLIN_1_UNITS-APND,8.38008,2025-04-12 17:00:00,2025-04-12 18:00:00,17:00-18:00
2025-04-12,POD_ADLIN_1_UNITS-APND,22.80467,2025-04-12 18:00:00,2025-04-12 19:00:00,18:00-19:00
2025-04-12,POD_ADLIN_1_UNITS-APND,17.42077,2025-04-12 19:00:00,2025-04-12 20:00:00,19:00-20:00
2025-04-12,POD_ADLIN_1_UNITS-APND,20.80319,2025-04-12 20:00:00,2025-04-12 21:00:00,20:00-21:00
2025-04-12,POD_ADLIN_1_UNITS-APND,19.35315,2025-04-12 21:00:00,2025-04-12 22:00:00,21:00-22:00
2025-04-12,POD_ADLIN_1_UNITS-APND,17.65962,2025-04-12 22:00:00,2025-04-12 23:00:00,22:00-23:00
2025-04-12,POD_ADLIN_1_UNITS-APND,21.57755,2025-04-12 23:00:00,2025-04-13 00:00:00,23:00-00:00
2025-04-13,POD_ADLIN_1_UNITS-APND,21.51868,2025-04-13 00:00:00,2025-04-13 01:00:00,00:00-01:00
2025-04-13,POD_ADLIN_1_UNITS-APND,16.25331,2025-04-13 01:00:00,2025-04-13 02:00:00,01:00-02:00
2025-04-13,POD_ADLIN_1_UNITS-APND,16.3917,2025-04-13 02:00:00,2025-04-13 03:00:00,02:00-03:00
2025-04-13,POD_ADLIN_1_UNITS-APND,20.07828,2025-04-13 03:00:00,2025-04-13 04:00:00,03:00-04:00
2025-04-13,POD_ADLIN_1_UNITS-APND,17.97642,2025-04-13 04:00:00,2025-04-13 05:00:00,04:00-05:00
2025-04-13,POD_ADLIN_1_UNITS-APND,18.40523,2025-04-13 05:00:00,2025-04-13 06:00:00,05:00-06:00
2025-04-13,POD_ADLIN_1_UNITS-APND,34.90914,2025-04-13 06:00:00,2025-04-13 07:00:00,06:00-07:00
2025-04-13,POD_ADLIN_1_UNITS-APND,14.09784,2025-04-13 07:00:00,2025-04-13 08:00:00,07:00-08:00
2025-04-13,POD_ADLIN_1_UNITS-APND,6.44539,2025-04-13 08:00:00,2025-04-13 09:00:00,08:00-09:00
2025-04-13,POD_ADLIN_1_UNITS-APND,-1.34629,2025-04-13 09:00:00,2025-04-13 10:00:00,09:00-10:00
2025-04-13,POD_ADLIN_1_UNITS-APND,-9.9356,2025-04-13 10:00:00,2025-04-13 11:00:00,10:00-11:00
2025-04-13,POD_ADLIN_1_UNITS-APND,-9.93024,2025-04-13 11:00:00,2025-04-13 12:00:00,11:00-12:00
2025-04-13,POD_ADLIN_1_UNITS-APND,-10.10532,2025-04-13 12:00:00,2025-04-13 13:00:00,12:00-13:00
2025-04-13,POD_ADLIN_1_UNITS-APND,-10.49189,2025-04-13 13:00:00,2025-04-13 14:00:00,13:00-14:00
2025-04-13,POD_ADLIN_1_UNITS-APND,-9.83246,2025-04-13 14:00:00,2025-04-13 15:00:00,14:00-15:00
2025-04-13,POD_ADLIN_1_UNITS-APND,-9.98051,2025-04-13 15:00:00,2025-04-13 16:00:00,15:00-16:00
2025-04-13,POD_ADLIN_1_UNITS-APND,-3.08484,2025-04-13 16:00:00,2025-04-13 17:00:00,16:00-17:00
2025-04-13,POD_ADLIN_1_UNITS-APND,12.35268,2025-04-13 17:00:00,2025-04-13 18:00:00,17:00-18:00
2025-04-13,POD_ADLIN_1_UNITS-APND,41.84359,2025-04-13 18:00:00,2025-04-13 19:00:00,18:00-19:00
2025-04-13,POD_ADLIN_1_UNITS-APND,31.0,2025-04-13 19:00:00,2025-04-13 20:00:00,19:00-20:00
2025-04-13,POD_ADLIN_1_UNITS-APND,35.12142,2025-04-13 20:00:00,2025-04-13 21:00:00,20:00-21:00
2025-04-13,POD_ADLIN_1_UNITS-APND,32.75433,2025-04-13 21:00:00,2025-04-13 22:00:00,21:00-22:00
2025-04-13,POD_ADLIN_1_UNITS-APND,35.50484,2025-04-13 22:00:00,2025-04-13 23:00:00,22:00-23:00
2025-04-13,POD_ADLIN_1_UNITS-APND,32.72287,2025-04-13 23:00:00,2025-04-14 00:00:00,23:00-00:00
2025-04-14,POD_ADLIN_1_UNITS-APND,38.46077,2025-04-14 00:00:00,2025-04-14 01:00:00,00:00-01:00
2025-04-14,POD_ADLIN_1_UNITS-APND,36.67833,2025-04-14 01:00:00,2025-04-14 02:00:00,01:00-02:00
2025-04-14,POD_ADLIN_1_UNITS-APND,36.89064,2025-04-14 02:00:00,2025-04-14 03:00:00,02:00-03:00
2025-04-14,POD_ADLIN_1_UNITS-APND,36.46475,2025-04-14 03:00:00,2025-04-14 04:00:00,03:00-04:00
2025-04-14,POD_ADLIN_1_UNITS-APND,36.91796,2025-04-14 04:00:00,2025-04-14 05:00:00,04:00-05:00
2025-04-14,POD_ADLIN_1_UNITS-APND,44.88876,2025-04-14 05:00:00,2025-04-14 06:00:00,05:00-06:00
2025-04-14,POD_ADLIN_1_UNITS-APND,53.18104,2025-04-14 06:00:00,2025-04-14 07:00:00,06:00-07:00
2025-04-14,POD_ADLIN_1_UNITS-APND,43.70096,2025-04-14 07:00:00,2025-04-14 08:00:00,07:00-08:00
2025-04-14,POD_ADLIN_1_UNITS-APND,25.70479,2025-04-14 08:00:00,2025-04-14 09:00:00,08:00-09:00
2025-04-14,POD_ADLIN_1_UNITS-APND,21.15486,2025-04-14 09:00:00,2025-04-14 10:00:00,09:00-10:00
2025-04-14,POD_ADLIN_1_UNITS-APND,14.66776,2025-04-14 10:00:00,2025-04-14 11:00:00,10:00-11:00
2025-04-14,POD_ADLIN_1_UNITS-APND,12.50914,2025-04-14 11:00:00,2025-04-14 12:00:00,11:00-12:00
2025-04-14,POD_ADLIN_1_UNITS-APND,12.72325,2025-04-14 12:00:00,2025-04-14 13:00:00,12:00-13:00
2025-04-14,POD_ADLIN_1_UNITS-APND,12.3946,2025-04-14 13:00:00,2025-04-14 14:00:00,13:00-14:00
2025-04-14,POD_ADLIN_1_UNITS-APND,14.47733,2025-04-14 14:00:00,2025-04-14 15:00:00,14:00-15:00
2025-04-14,POD_ADLIN_1_UNITS-APND,16.852,2025-04-14 15:00:00,2025-04-14 16:00:00,15:00-16:00
2025-04-14,POD_ADLIN_1_UNITS-APND,23.88772,2025-04-14 16:00:00,2025-04-14 17:00:00,16:00-17:00
2025-04-14,POD_ADLIN_1_UNITS-APND,38.47363,2025-04-14 17:00:00,2025-04-14 18:00:00,17:00-18:00
2025-04-14,POD_ADLIN_1_UNITS-APND,50.61461,2025-04-14 18:00:00,2025-04-14 19:00:00,18:00-19:00
2025-04-14,POD_ADLIN_1_UNITS-APND,58.95041,2025-04-14 19:00:00,2025-04-14 20:00:00,19:00-20:00
2025-04-14,POD_ADLIN_1_UNITS-APND,42.27322,2025-04-14 20:00:00,2025-04-14 21:00:00,20:00-21:00
2025-04-14,POD_ADLIN_1_UNITS-APND,44.36516,2025-04-14 21:00:00,2025-04-14 22:00:00,21:00-22:00
2025-04-14,POD_ADLIN_1_UNITS-APND,41.93543,2025-04-14 22:00:00,2025-04-14 23:00:00,22:00-23:00
2025-04-14,POD_ADLIN_1_UNITS-APND,39.42907,2025-04-14 23:00:00,2025-04-15 00:00:00,23:00-00:00
2025-04-15,POD_ADLIN_1_UNITS-APND,33.96638,2025-04-15 00:00:00,2025-04-15 01:00:00,00:00-01:00
2025-04-15,POD_ADLIN_1_UNITS-APND,29.58467,2025-04-15 01:00:00,2025-04-15 02:00:00,01:00-02:00
2025-04-15,POD_ADLIN_1_UNITS-APND,34.13103,2025-04-15 02:00:00,2025-04-15 03:00:00,02:00-03:00
2025-04-15,POD_ADLIN_1_UNITS-APND,33.81308,2025-04-15 03:00:00,2025-04-15 04:00:00,03:00-04:00
2025-04-15,POD_ADLIN_1_UNITS-APND,34.33747,2025-04-15 04:00:00,2025-04-15 05:00:00,04:00-05:00
2025-04-15,POD_ADLIN_1_UNITS-APND,39.0284,2025-04-15 05:00:00,2025-04-15 06:00:00,05:00-06:00
2025-04-15,POD_ADLIN_1_UNITS-APND,43.40122,2025-04-15 06:00:00,2025-04-15 07:00:00,06:00-07:00
2025-04-15,POD_ADLIN_1_UNITS-APND,30.27363,2025-04-15 07:00:00,2025-04-15 08:00:00,07:00-08:00
2025-04-15,POD_ADLIN_1_UNITS-APND,23.3475,2025-04-15 08:00:00,2025-04-15 09:00:00,08:00-09:00
2025-04-15,POD_ADLIN_1_UNITS-APND,19.1792,2025-04-15 09:00:00,2025-04-15 10:00:00,09:00-10:00
2025-04-15,POD_ADLIN_1_UNITS-APND,13.82275,2025-04-15 10:00:00,2025-04-15 11:00:00,10:00-11:00
2025-04-15,POD_ADLIN_1_UNITS-APND,10.6288,2025-04-15 11:00:00,2025-04-15 12:00:00,11:00-12:00
2025-04-15,POD_ADLIN_1_UNITS-APND,9.88833,2025-04-15 12:00:00,2025-04-15 13:00:00,12:00-13:00
2025-04-15,POD_ADLIN_1_UNITS-APND,10.01708,2025-04-15 13:00:00,2025-04-15 14:00:00,13:00-14:00
2025-04-15,POD_ADLIN_1_UNITS-APND,10.00382,2025-04-15 14:00:00,2025-04-15 15:00:00,14:00-15:00
2025-04-15,POD_ADLIN_1_UNITS-APND,10.61458,2025-04-15 15:00:00,2025-04-15 16:00:00,15:00-16:00
2025-04-15,POD_ADLIN_1_UNITS-APND,13.21138,2025-04-15 16:00:00,2025-04-15 17:00:00,16:00-17:00
2025-04-15,POD_ADLIN_1_UNITS-APND,26.99192,2025-04-15 17:00:00,2025-04-15 18:00:00,17:00-18:00
2025-04-15,POD_ADLIN_1_UNITS-APND,24.63432,2025-04-15 18:00:00,2025-04-15 19:00:00,18:00-19:00
2025-04-15,POD_ADLIN_1_UNITS-APND,21.05168,2025-04-15 19:00:00,2025-04-15 20:00:00,19:00-20:00
2025-04-15,POD_ADLIN_1_UNITS-APND,34.5118,2025-04-15 20:00:00,2025-04-15 21:00:00,20:00-21:00
2025-04-15,POD_ADLIN_1_UNITS-APND,31.40643,2025-04-15 21:00:00,2025-04-15 22:00:00,21:00-22:00
2025-04-15,POD_ADLIN_1_UNITS-APND,27.79692,2025-04-15 22:00:00,2025-04-15 23:00:00,22:00-23:00
2025-04-15,POD_ADLIN_1_UNITS-APND,27.36003,2025-04-15 23:00:00,2025-04-16 00:00:00,23:00-00:00
2025-04-16,POD_ADLIN_1_UNITS-APND,24.68031,2025-04-16 00:00:00,2025-04-16 01:00:00,00:00-01:00
2025-04-16,POD_ADLIN_1_UNITS-APND,19.81033,2025-04-16 01:00:00,2025-04-16 02:00:00,01:00-02:00
2025-04-16,POD_ADLIN_1_UNITS-APND,22.18021,2025-04-16 02:00:00,2025-04-16 03:00:00,02:00-03:00
2025-04-16,POD_ADLIN_1_UNITS-APND,21.25356,2025-04-16 03:00:00,2025-04-16 04:00:00,03:00-04:00
2025-04-16,POD_ADLIN_1_UNITS-APND,22.14066,2025-04-16 04:00:00,2025-04-16 05:00:00,04:00-05:00
2025-04-16,POD_ADLIN_1_UNITS-APND,29.74934,2025-04-16 05:00:00,2025-04-16 06:00:00,05:00-06:00
2025-04-16,POD_ADLIN_1_UNITS-APND,33.4084,2025-04-16 06:00:00,2025-04-16 07:00:00,06:00-07:00
2025-04-16,POD_ADLIN_1_UNITS-APND,30.2583,2025-04-16 07:00:00,2025-04-16 08:00:00,07:00-08:00
2025-04-16,POD_ADLIN_1_UNITS-APND,20.80671,2025-04-16 08:00:00,2025-04-16 09:00:00,08:00-09:00
2025-04-16,POD_ADLIN_1_UNITS-APND,15.34899,2025-04-16 09:00:00,2025-04-16 10:00:00,09:00-10:00
2025-04-16,POD_ADLIN_1_UNITS-APND,8.30168,2025-04-16 10:00:00,2025-04-16 11:00:00,10:00-11:00
2025-04-16,POD_ADLIN_1_UNITS-APND,4.10067,2025-04-16 11:00:00,2025-04-16 12:00:00,11:00-12:00
2025-04-16,POD_ADLIN_1_UNITS-APND,1.98037,2025-04-16 12:00:00,2025-04-16 13:00:00,12:00-13:00
2025-04-16,POD_ADLIN_1_UNITS-APND,-0.13438,2025-04-16 13:00:00,2025-04-16 14:00:00,13:00-14:00
2025-04-16,POD_ADLIN_1_UNITS-APND,-0.63513,2025-04-16 14:00:00,2025-04-16 15:00:00,14:00-15:00
2025-04-16,POD_ADLIN_1_UNITS-APND,-0.88037,2025-04-16 15:00:00,2025-04-16 16:00:00,15:00-16:00
2025-04-16,POD_ADLIN_1_UNITS-APND,4.1493,2025-04-16 16:00:00,2025-04-16 17:00:00,16:00-17:00
2025-04-16,POD_ADLIN_1_UNITS-APND,8.08964,2025-04-16 17:00:00,2025-04-16 18:00:00,17:00-18:00
2025-04-16,POD_ADLIN_1_UNITS-APND,-8.80422,2025-04-16 18:00:00,2025-04-16 19:00:00,18:00-19:00
2025-04-16,POD_ADLIN_1_UNITS-APND,12.8779,2025-04-16 19:00:00,2025-04-16 20:00:00,19:00-20:00
2025-04-16,POD_ADLIN_1_UNITS-APND,15.60397,2025-04-16 20:00:00,2025-04-16 21:00:00,20:00-21:00
2025-04-16,POD_ADLIN_1_UNITS-APND,17.85709,2025-04-16 21:00:00,2025-04-16 22:00:00,21:00-22:00
2025-04-16,POD_ADLIN_1_UNITS-APND,21.43437,2025-04-16 22:00:00,2025-04-16 23:00:00,22:00-23:00
2025-04-16,POD_ADLIN_1_UNITS-APND,16.16048,2025-04-16 23:00:00,2025-04-17 00:00:00,23:00-00:00
2025-04-17,POD_ADLIN_1_UNITS-APND,16.06272,2025-04-17 00:00:00,2025-04-17 01:00:00,00:00-01:00
2025-04-17,POD_ADLIN_1_UNITS-APND,18.40958,2025-04-17 01:00:00,2025-04-17 02:00:00,01:00-02:00
2025-04-17,POD_ADLIN_1_UNITS-APND,20.98282,2025-04-17 02:00:00,2025-04-17 03:00:00,02:00-03:00
2025-04-17,POD_ADLIN_1_UNITS-APND,23.9081,2025-04-17 03:00:00,2025-04-17 04:00:00,03:00-04:00
2025-04-17,POD_ADLIN_1_UNITS-APND,25.85564,2025-04-17 04:00:00,2025-04-17 05:00:00,04:00-05:00
2025-04-17,POD_ADLIN_1_UNITS-APND,31.58458,2025-04-17 05:00:00,2025-04-17 06:00:00,05:00-06:00
2025-04-17,POD_ADLIN_1_UNITS-APND,37.28948,2025-04-17 06:00:00,2025-04-17 07:00:00,06:00-07:00
2025-04-17,POD_ADLIN_1_UNITS-APND,28.33957,2025-04-17 07:00:00,2025-04-17 08:00:00,07:00-08:00
2025-04-17,POD_ADLIN_1_UNITS-APND,25.05212,2025-04-17 08:00:00,2025-04-17 09:00:00,08:00-09:00
2025-04-17,POD_ADLIN_1_UNITS-APND,23.84344,2025-04-17 09:00:00,2025-04-17 10:00:00,09:00-10:00
2025-04-17,POD_ADLIN_1_UNITS-APND,15.05006,2025-04-17 10:00:00,2025-04-17 11:00:00,10:00-11:00
2025-04-17,POD_ADLIN_1_UNITS-APND,11.50866,2025-04-17 11:00:00,2025-04-17 12:00:00,11:00-12:00
2025-04-17,POD_ADLIN_1_UNITS-APND,7.34867,2025-04-17 12:00:00,2025-04-17 13:00:00,12:00-13:00
2025-04-17,POD_ADLIN_1_UNITS-APND,4.88282,2025-04-17 13:00:00,2025-04-17 14:00:00,13:00-14:00
2025-04-17,POD_ADLIN_1_UNITS-APND,3.96086,2025-04-17 14:00:00,2025-04-17 15:00:00,14:00-15:00
2025-04-17,POD_ADLIN_1_UNITS-APND,4.17099,2025-04-17 15:00:00,2025-04-17 16:00:00,15:00-16:00
2025-04-17,POD_ADLIN_1_UNITS-APND,9.10367,2025-04-17 16:00:00,2025-04-17 17:00:00,16:00-17:00
2025-04-17,POD_ADLIN_1_UNITS-APND,10.78488,2025-04-17 17:00:00,2025-04-17 18:00:00,17:00-18:00
2025-04-17,POD_ADLIN_1_UNITS-APND,19.99688,2025-04-17 18:00:00,2025-04-17 19:00:00,18:00-19:00
2025-04-17,POD_ADLIN_1_UNITS-APND,-20.16472,2025-04-17 19:00:00,2025-04-17 20:00:00,19:00-20:00
2025-04-17,POD_ADLIN_1_UNITS-APND,-19.82333,2025-04-17 20:00:00,2025-04-17 21:00:00,20:00-21:00
2025-04-17,POD_ADLIN_1_UNITS-APND,8.1207,2025-04-17 21:00:00,2025-04-17 22:00:00,21:00-22:00
2025-04-17,POD_ADLIN_1_UNITS-APND,19.51181,2025-04-17 22:00:00,2025-04-17 23:00:00,22:00-23:00
2025-04-17,POD_ADLIN_1_UNITS-APND,12.1149,2025-04-17 23:00:00,2025-04-18 00:00:00,23:00-00:00
2025-04-18,POD_ADLIN_1_UNITS-APND,-55.88679,2025-04-18 00:00:00,2025-04-18 01:00:00,00:00-01:00
2025-04-18,POD_ADLIN_1_UNITS-APND,-61.00592,2025-04-18 01:00:00,2025-04-18 02:00:00,01:00-02:00
2025-04-18,POD_ADLIN_1_UNITS-APND,-34.41478,2025-04-18 02:00:00,2025-04-18 03:00:00,02:00-03:00
2025-04-18,POD_ADLIN_1_UNITS-APND,-44.18756,2025-04-18 03:00:00,2025-04-18 04:00:00,03:00-04:00
2025-04-18,POD_ADLIN_1_UNITS-APND,-44.51726,2025-04-18 04:00:00,2025-04-18 05:00:00,04:00-05:00
2025-04-18,POD_ADLIN_1_UNITS-APND,-51.11914,2025-04-18 05:00:00,2025-04-18 06:00:00,05:00-06:00
2025-04-18,POD_ADLIN_1_UNITS-APND,-54.60641,2025-04-18 06:00:00,2025-04-18 07:00:00,06:00-07:00
2025-04-18,POD_ADLIN_1_UNITS-APND,-28.26685,2025-04-18 07:00:00,2025-04-18 08:00:00,07:00-08:00
2025-04-18,POD_ADLIN_1_UNITS-APND,-6.69118,2025-04-18 08:00:00,2025-04-18 09:00:00,08:00-09:00
2025-04-18,POD_ADLIN_1_UNITS-APND,-6.64633,2025-04-18 09:00:00,2025-04-18 10:00:00,09:00-10:00
2025-04-18,POD_ADLIN_1_UNITS-APND,-16.86887,2025-04-18 10:00:00,2025-04-18 11:00:00,10:00-11:00
2025-04-18,POD_ADLIN_1_UNITS-APND,-27.6029,2025-04-18 11:00:00,2025-04-18 12:00:00,11:00-12:00
2025-04-18,POD_ADLIN_1_UNITS-APND,-25.42208,2025-04-18 12:00:00,2025-04-18 13:00:00,12:00-13:00
2025-04-18,POD_ADLIN_1_UNITS-APND,-39.34295,2025-04-18 13:00:00,2025-04-18 14:00:00,13:00-14:00
2025-04-18,POD_ADLIN_1_UNITS-APND,-37.64208,2025-04-18 14:00:00,2025-04-18 15:00:00,14:00-15:00
2025-04-18,POD_ADLIN_1_UNITS-APND,-33.40294,2025-04-18 15:00:00,2025-04-18 16:00:00,15:00-16:00
2025-04-18,POD_ADLIN_1_UNITS-APND,-33.73036,2025-04-18 16:00:00,2025-04-18 17:00:00,16:00-17:00
2025-04-18,POD_ADLIN_1_UNITS-APND,-24.29387,2025-04-18 17:00:00,2025-04-18 18:00:00,17:00-18:00
2025-04-18,POD_ADLIN_1_UNITS-APND,-19.47536,2025-04-18 18:00:00,2025-04-18 19:00:00,18:00-19:00
2025-04-18,POD_ADLIN_1_UNITS-APND,-77.15743,2025-04-18 19:00:00,2025-04-18 20:00:00,19:00-20:00
2025-04-18,POD_ADLIN_1_UNITS-APND,-61.95087,2025-04-18 20:00:00,2025-04-18 21:00:00,20:00-21:00
2025-04-18,POD_ADLIN_1_UNITS-APND,-35.40272,2025-04-18 21:00:00,2025-04-18 22:00:00,21:00-22:00
2025-04-18,POD_ADLIN_1_UNITS-APND,-40.66575,2025-04-18 22:00:00,2025-04-18 23:00:00,22:00-23:00
2025-04-18,POD_ADLIN_1_UNITS-APND,-33.84478,2025-04-18 23:00:00,2025-04-19 00:00:00,23:00-00:00
2025-04-19,POD_ADLIN_1_UNITS-APND,-33.54376,2025-04-19 00:00:00,2025-04-19 01:00:00,00:00-01:00
2025-04-19,POD_ADLIN_1_UNITS-APND,-43.26856,2025-04-19 01:00:00,2025-04-19 02:00:00,01:00-02:00
2025-04-19,POD_ADLIN_1_UNITS-APND,-32.69177,2025-04-19 02:00:00,2025-04-19 03:00:00,02:00-03:00
2025-04-19,POD_ADLIN_1_UNITS-APND,-46.47309,2025-04-19 03:00:00,2025-04-19 04:00:00,03:00-04:00
2025-04-19,POD_ADLIN_1_UNITS-APND,-41.78928,2025-04-19 04:00:00,2025-04-19 05:00:00,04:00-05:00
2025-04-19,POD_ADLIN_1_UNITS-APND,-33.63349,2025-04-19 05:00:00,2025-04-19 06:00:00,05:00-06:00
2025-04-19,POD_ADLIN_1_UNITS-APND,-33.89965,2025-04-19 06:00:00,2025-04-19 07:00:00,06:00-07:00
2025-04-19,POD_ADLIN_1_UNITS-APND,-32.62338,2025-04-19 07:00:00,2025-04-19 08:00:00,07:00-08:00
2025-04-19,POD_ADLIN_1_UNITS-APND,-14.54555,2025-04-19 08:00:00,2025-04-19 09:00:00,08:00-09:00
2025-04-19,POD_ADLIN_1_UNITS-APND,-17.45366,2025-04-19 09:00:00,2025-04-19 10:00:00,09:00-10:00
2025-04-19,POD_ADLIN_1_UNITS-APND,-35.57502,2025-04-19 10:00:00,2025-04-19 11:00:00,10:00-11:00
2025-04-19,POD_ADLIN_1_UNITS-APND,-43.53171,2025-04-19 11:00:00,2025-04-19 12:00:00,11:00-12:00
2025-04-19,POD_ADLIN_1_UNITS-APND,-38.91606,2025-04-19 12:00:00,2025-04-19 13:00:00,12:00-13:00
2025-04-19,POD_ADLIN_1_UNITS-APND,-59.21931,2025-04-19 13:00:00,2025-04-19 14:00:00,13:00-14:00
2025-04-19,POD_ADLIN_1_UNITS-APND,-64.14784,2025-04-19 14:00:00,2025-04-19 15:00:00,14:00-15:00
2025-04-19,POD_ADLIN_1_UNITS-APND,-63.28878,2025-04-19 15:00:00,2025-04-19 16:00:00,15:00-16:00
2025-04-19,POD_ADLIN_1_UNITS-APND,-60.59055,2025-04-19 16:00:00,2025-04-19 17:00:00,16:00-17:00
2025-04-19,POD_ADLIN_1_UNITS-APND,-28.25216,2025-04-19 17:00:00,2025-04-19 18:00:00,17:00-18:00
2025-04-19,POD_ADLIN_1_UNITS-APND,-53.81215,2025-04-19 18:00:00,2025-04-19 19:00:00,18:00-19:00
2025-04-19,POD_ADLIN_1_UNITS-APND,-53.41091,2025-04-19 19:00:00,2025-04-19 20:00:00,19:00-20:00
2025-04-19,POD_ADLIN_1_UNITS-APND,-59.40035,2025-04-19 20:00:00,2025-04-19 21:00:00,20:00-21:00
2025-04-19,POD_ADLIN_1_UNITS-APND,-67.49055,2025-04-19 21:00:00,2025-04-19 22:00:00,21:00-22:00
2025-04-19,POD_ADLIN_1_UNITS-APND,-63.96053,2025-04-19 22:00:00,2025-04-19 23:00:00,22:00-23:00
2025-04-19,POD_ADLIN_1_UNITS-APND,-86.10155,2025-04-19 23:00:00,2025-04-20 00:00:00,23:00-00:00
2025-04-20,POD_ADLIN_1_UNITS-APND,-22.44917,2025-04-20 00:00:00,2025-04-20 01:00:00,00:00-01:00
2025-04-20,POD_ADLIN_1_UNITS-APND,-26.86267,2025-04-20 01:00:00,2025-04-20 02:00:00,01:00-02:00
2025-04-20,POD_ADLIN_1_UNITS-APND,-12.50362,2025-04-20 02:00:00,2025-04-20 03:00:00,02:00-03:00
2025-04-20,POD_ADLIN_1_UNITS-APND,-22.34423,2025-04-20 03:00:00,2025-04-20 04:00:00,03:00-04:00
2025-04-20,POD_ADLIN_1_UNITS-APND,-18.34476,2025-04-20 04:00:00,2025-04-20 05:00:00,04:00-05:00
2025-04-20,POD_ADLIN_1_UNITS-APND,-13.47669,2025-04-20 05:00:00,2025-04-20 06:00:00,05:00-06:00
2025-04-20,POD_ADLIN_1_UNITS-APND,-6.46458,2025-04-20 06:00:00,2025-04-20 07:00:00,06:00-07:00
2025-04-20,POD_ADLIN_1_UNITS-APND,-17.28077,2025-04-20 07:00:00,2025-04-20 08:00:00,07:00-08:00
2025-04-20,POD_ADLIN_1_UNITS-APND,-21.73351,2025-04-20 08:00:00,2025-04-20 09:00:00,08:00-09:00
2025-04-20,POD_ADLIN_1_UNITS-APND,-19.7588,2025-04-20 09:00:00,2025-04-20 10:00:00,09:00-10:00
2025-04-20,POD_ADLIN_1_UNITS-APND,-47.28716,2025-04-20 10:00:00,2025-04-20 11:00:00,10:00-11:00
2025-04-20,POD_ADLIN_1_UNITS-APND,-52.33807,2025-04-20 11:00:00,2025-04-20 12:00:00,11:00-12:00
2025-04-20,POD_ADLIN_1_UNITS-APND,-43.95906,2025-04-20 12:00:00,2025-04-20 13:00:00,12:00-13:00
2025-04-20,POD_ADLIN_1_UNITS-APND,-55.38235,2025-04-20 13:00:00,2025-04-20 14:00:00,13:00-14:00
2025-04-20,POD_ADLIN_1_UNITS-APND,-46.43187,2025-04-20 14:00:00,2025-04-20 15:00:00,14:00-15:00
2025-04-20,POD_ADLIN_1_UNITS-APND,-48.39209,2025-04-20 15:00:00,2025-04-20 16:00:00,15:00-16:00
2025-04-20,POD_ADLIN_1_UNITS-APND,-34.8884,2025-04-20 16:00:00,2025-04-20 17:00:00,16:00-17:00
2025-04-20,POD_ADLIN_1_UNITS-APND,-12.73806,2025-04-20 17:00:00,2025-04-20 18:00:00,17:00-18:00
2025-04-20,POD_ADLIN_1_UNITS-APND,-18.75812,2025-04-20 18:00:00,2025-04-20 19:00:00,18:00-19:00
2025-04-20,POD_ADLIN_1_UNITS-APND,-17.67293,2025-04-20 19:00:00,2025-04-20 20:00:00,19:00-20:00
2025-04-20,POD_ADLIN_1_UNITS-APND,-20.11234,2025-04-20 20:00:00,2025-04-20 21:00:00,20:00-21:00
2025-04-20,POD_ADLIN_1_UNITS-APND,-32.17311,2025-04-20 21:00:00,2025-04-20 22:00:00,21:00-22:00
2025-04-20,POD_ADLIN_1_UNITS-APND,-38.98859,2025-04-20 22:00:00,2025-04-20 23:00:00,22:00-23:00
2025-04-20,POD_ADLIN_1_UNITS-APND,-24.22012,2025-04-20 23:00:00,2025-04-21 00:00:00,23:00-00:00
2025-04-21,POD_ADLIN_1_UNITS-APND,-21.70255,2025-04-21 00:00:00,2025-04-21 01:00:00,00:00-01:00
2025-04-21,POD_ADLIN_1_UNITS-APND,-15.30595,2025-04-21 01:00:00,2025-04-21 02:00:00,01:00-02:00
2025-04-21,POD_ADLIN_1_UNITS-APND,-7.70984,2025-04-21 02:00:00,2025-04-21 03:00:00,02:00-03:00
2025-04-21,POD_ADLIN_1_UNITS-APND,-17.3924,2025-04-21 03:00:00,2025-04-21 04:00:00,03:00-04:00
2025-04-21,POD_ADLIN_1_UNITS-APND,-4.81473,2025-04-21 04:00:00,2025-04-21 05:00:00,04:00-05:00
2025-04-21,POD_ADLIN_1_UNITS-APND,-1.74665,2025-04-21 05:00:00,2025-04-21 06:00:00,05:00-06:00
2025-04-21,POD_ADLIN_1_UNITS-APND,-2.8728,2025-04-21 06:00:00,2025-04-21 07:00:00,06:00-07:00
2025-04-21,POD_ADLIN_1_UNITS-APND,-2.90873,2025-04-21 07:00:00,2025-04-21 08:00:00,07:00-08:00
2025-04-21,POD_ADLIN_1_UNITS-APND,-18.51646,2025-04-21 08:00:00,2025-04-21 09:00:00,08:00-09:00
2025-04-21,POD_ADLIN_1_UNITS-APND,-8.39976,2025-04-21 09:00:00,2025-04-21 10:00:00,09:00-10:00
2025-04-21,POD_ADLIN_1_UNITS-APND,-26.82629,2025-04-21 10:00:00,2025-04-21 11:00:00,10:00-11:00
2025-04-21,POD_ADLIN_1_UNITS-APND,-19.98571,2025-04-21 11:00:00,2025-04-21 12:00:00,11:00-12:00
2025-04-21,POD_ADLIN_1_UNITS-APND,-16.7694,2025-04-21 12:00:00,2025-04-21 13:00:00,12:00-13:00
2025-04-21,POD_ADLIN_1_UNITS-APND,-24.57316,2025-04-21 13:00:00,2025-04-21 14:00:00,13:00-14:00
2025-04-21,POD_ADLIN_1_UNITS-APND,-24.72502,2025-04-21 14:00:00,2025-04-21 15:00:00,14:00-15:00
2025-04-21,POD_ADLIN_1_UNITS-APND,-41.59557,2025-04-21 15:00:00,2025-04-21 16:00:00,15:00-16:00
2025-04-21,POD_ADLIN_1_UNITS-APND,-41.1979,2025-04-21 16:00:00,2025-04-21 17:00:00,16:00-17:00
2025-04-21,POD_ADLIN_1_UNITS-APND,-13.68707,2025-04-21 17:00:00,2025-04-21 18:00:00,17:00-18:00
2025-04-21,POD_ADLIN_1_UNITS-APND,-11.66635,2025-04-21 18:00:00,2025-04-21 19:00:00,18:00-19:00
2025-04-21,POD_ADLIN_1_UNITS-APND,-3.32642,2025-04-21 19:00:00,2025-04-21 20:00:00,19:00-20:00
2025-04-21,POD_ADLIN_1_UNITS-APND,-29.76895,2025-04-21 20:00:00,2025-04-21 21:00:00,20:00-21:00
2025-04-21,POD_ADLIN_1_UNITS-APND,-30.03892,2025-04-21 21:00:00,2025-04-21 22:00:00,21:00-22:00
2025-04-21,POD_ADLIN_1_UNITS-APND,-48.55144,2025-04-21 22:00:00,2025-04-21 23:00:00,22:00-23:00
2025-04-21,POD_ADLIN_1_UNITS-APND,-12.72894,2025-04-21 23:00:00,2025-04-22 00:00:00,23:00-00:00
2025-04-22,POD_ADLIN_1_UNITS-APND,-15.50087,2025-04-22 00:00:00,2025-04-22 01:00:00,00:00-01:00
2025-04-22,POD_ADLIN_1_UNITS-APND,-4.72387,2025-04-22 01:00:00,2025-04-22 02:00:00,01:00-02:00
2025-04-22,POD_ADLIN_1_UNITS-APND,-4.48903,2025-04-22 02:00:00,2025-04-22 03:00:00,02:00-03:00
2025-04-22,POD_ADLIN_1_UNITS-APND,-1.18,2025-04-22 03:00:00,2025-04-22 04:00:00,03:00-04:00
2025-04-22,POD_ADLIN_1_UNITS-APND,-5.11052,2025-04-22 04:00:00,2025-04-22 05:00:00,04:00-05:00
2025-04-22,POD_ADLIN_1_UNITS-APND,-1.2353,2025-04-22 05:00:00,2025-04-22 06:00:00,05:00-06:00
2025-04-22,POD_ADLIN_1_UNITS-APND,10.86149,2025-04-22 06:00:00,2025-04-22 07:00:00,06:00-07:00
2025-04-22,POD_ADLIN_1_UNITS-APND,4.28852,2025-04-22 07:00:00,2025-04-22 08:00:00,07:00-08:00
2025-04-22,POD_ADLIN_1_UNITS-APND,-0.52476,2025-04-22 08:00:00,2025-04-22 09:00:00,08:00-09:00
2025-04-22,POD_ADLIN_1_UNITS-APND,-4.81573,2025-04-22 09:00:00,2025-04-22 10:00:00,09:00-10:00
2025-04-22,POD_ADLIN_1_UNITS-APND,-14.34629,2025-04-22 10:00:00,2025-04-22 11:00:00,10:00-11:00
2025-04-22,POD_ADLIN_1_UNITS-APND,-13.8712,2025-04-22 11:00:00,2025-04-22 12:00:00,11:00-12:00
2025-04-22,POD_ADLIN_1_UNITS-APND,-13.34008,2025-04-22 12:00:00,2025-04-22 13:00:00,12:00-13:00
2025-04-22,POD_ADLIN_1_UNITS-APND,-15.67613,2025-04-22 13:00:00,2025-04-22 14:00:00,13:00-14:00
2025-04-22,POD_ADLIN_1_UNITS-APND,-16.50356,2025-04-22 14:00:00,2025-04-22 15:00:00,14:00-15:00
2025-04-22,POD_ADLIN_1_UNITS-APND,-14.99925,2025-04-22 15:00:00,2025-04-22 16:00:00,15:00-16:00
2025-04-22,POD_ADLIN_1_UNITS-APND,-13.00508,2025-04-22 16:00:00,2025-04-22 17:00:00,16:00-17:00
2025-04-22,POD_ADLIN_1_UNITS-APND,-5.89409,2025-04-22 17:00:00,2025-04-22 18:00:00,17:00-18:00
2025-04-22,POD_ADLIN_1_UNITS-APND,5.2092,2025-04-22 18:00:00,2025-04-22 19:00:00,18:00-19:00
2025-04-22,POD_ADLIN_1_UNITS-APND,5.66874,2025-04-22 19:00:00,2025-04-22 20:00:00,19:00-20:00
2025-04-22,POD_ADLIN_1_UNITS-APND,1.90492,2025-04-22 20:00:00,2025-04-22 21:00:00,20:00-21:00
2025-04-22,POD_ADLIN_1_UNITS-APND,-10.93911,2025-04-22 21:00:00,2025-04-22 22:00:00,21:00-22:00
2025-04-22,POD_ADLIN_1_UNITS-APND,-9.17665,2025-04-22 22:00:00,2025-04-22 23:00:00,22:00-23:00
2025-04-22,POD_ADLIN_1_UNITS-APND,-5.59563,2025-04-22 23:00:00,2025-04-23 00:00:00,23:00-00:00
2025-04-23,POD_ADLIN_1_UNITS-APND,22.78596,2025-04-23 00:00:00,2025-04-23 01:00:00,00:00-01:00
2025-04-23,POD_ADLIN_1_UNITS-APND,19.19462,2025-04-23 01:00:00,2025-04-23 02:00:00,01:00-02:00
2025-04-23,POD_ADLIN_1_UNITS-APND,19.98147,2025-04-23 02:00:00,2025-04-23 03:00:00,02:00-03:00
2025-04-23,POD_ADLIN_1_UNITS-APND,19.9458,2025-04-23 03:00:00,2025-04-23 04:00:00,03:00-04:00
2025-04-23,POD_ADLIN_1_UNITS-APND,21.46652,2025-04-23 04:00:00,2025-04-23 05:00:00,04:00-05:00
2025-04-23,POD_ADLIN_1_UNITS-APND,9.25734,2025-04-23 05:00:00,2025-04-23 06:00:00,05:00-06:00
2025-04-23,POD_ADLIN_1_UNITS-APND,21.22012,2025-04-23 06:00:00,2025-04-23 07:00:00,06:00-07:00
2025-04-23,POD_ADLIN_1_UNITS-APND,25.81494,2025-04-23 07:00:00,2025-04-23 08:00:00,07:00-08:00
2025-04-23,POD_ADLIN_1_UNITS-APND,20.0927,2025-04-23 08:00:00,2025-04-23 09:00:00,08:00-09:00
2025-04-23,POD_ADLIN_1_UNITS-APND,10.54401,2025-04-23 09:00:00,2025-04-23 10:00:00,09:00-10:00
2025-04-23,POD_ADLIN_1_UNITS-APND,-10.75201,2025-04-23 10:00:00,2025-04-23 11:00:00,10:00-11:00
2025-04-23,POD_ADLIN_1_UNITS-APND,-20.474,2025-04-23 11:00:00,2025-04-23 12:00:00,11:00-12:00
2025-04-23,POD_ADLIN_1_UNITS-APND,-14.06962,2025-04-23 12:00:00,2025-04-23 13:00:00,12:00-13:00
2025-04-23,POD_ADLIN_1_UNITS-APND,-17.74386,2025-04-23 13:00:00,2025-04-23 14:00:00,13:00-14:00
2025-04-23,POD_ADLIN_1_UNITS-APND,-16.43857,2025-04-23 14:00:00,2025-04-23 15:00:00,14:00-15:00
2025-04-23,POD_ADLIN_1_UNITS-APND,-15.78609,2025-04-23 15:00:00,2025-04-23 16:00:00,15:00-16:00
2025-04-23,POD_ADLIN_1_UNITS-APND,-8.45483,2025-04-23 16:00:00,2025-04-23 17:00:00,16:00-17:00
2025-04-23,POD_ADLIN_1_UNITS-APND,-5.03642,2025-04-23 17:00:00,2025-04-23 18:00:00,17:00-18:00
2025-04-23,POD_ADLIN_1_UNITS-APND,27.06655,2025-04-23 18:00:00,2025-04-23 19:00:00,18:00-19:00
2025-04-23,POD_ADLIN_1_UNITS-APND,20.8004,2025-04-23 19:00:00,2025-04-23 20:00:00,19:00-20:00
2025-04-23,POD_ADLIN_1_UNITS-APND,20.63865,2025-04-23 20:00:00,2025-04-23 21:00:00,20:00-21:00
2025-04-23,POD_ADLIN_1_UNITS-APND,11.7266,2025-04-23 21:00:00,2025-04-23 22:00:00,21:00-22:00
2025-04-23,POD_ADLIN_1_UNITS-APND,15.64911,2025-04-23 22:00:00,2025-04-23 23:00:00,22:00-23:00
2025-04-23,POD_ADLIN_1_UNITS-APND,14.11797,2025-04-23 23:00:00,2025-04-24 00:00:00,23:00-00:00
2025-04-24,POD_ADLIN_1_UNITS-APND,28.15297,2025-04-24 00:00:00,2025-04-24 01:00:00,00:00-01:00
2025-04-24,POD_ADLIN_1_UNITS-APND,22.31476,2025-04-24 01:00:00,2025-04-24 02:00:00,01:00-02:00
2025-04-24,POD_ADLIN_1_UNITS-APND,23.48371,2025-04-24 02:00:00,2025-04-24 03:00:00,02:00-03:00
2025-04-24,POD_ADLIN_1_UNITS-APND,24.74376,2025-04-24 03:00:00,2025-04-24 04:00:00,03:00-04:00
2025-04-24,POD_ADLIN_1_UNITS-APND,25.62789,2025-04-24 04:00:00,2025-04-24 05:00:00,04:00-05:00
2025-04-24,POD_ADLIN_1_UNITS-APND,29.96751,2025-04-24 05:00:00,2025-04-24 06:00:00,05:00-06:00
2025-04-24,POD_ADLIN_1_UNITS-APND,31.34002,2025-04-24 06:00:00,2025-04-24 07:00:00,06:00-07:00
2025-04-24,POD_ADLIN_1_UNITS-APND,22.7752,2025-04-24 07:00:00,2025-04-24 08:00:00,07:00-08:00
2025-04-24,POD_ADLIN_1_UNITS-APND,17.34612,2025-04-24 08:00:00,2025-04-24 09:00:00,08:00-09:00
2025-04-24,POD_ADLIN_1_UNITS-APND,16.46351,2025-04-24 09:00:00,2025-04-24 10:00:00,09:00-10:00
2025-04-24,POD_ADLIN_1_UNITS-APND,8.48236,2025-04-24 10:00:00,2025-04-24 11:00:00,10:00-11:00
2025-04-24,POD_ADLIN_1_UNITS-APND,3.49585,2025-04-24 11:00:00,2025-04-24 12:00:00,11:00-12:00
2025-04-24,POD_ADLIN_1_UNITS-APND,-0.04267,2025-04-24 12:00:00,2025-04-24 13:00:00,12:00-13:00
2025-04-24,POD_ADLIN_1_UNITS-APND,-2.36975,2025-04-24 13:00:00,2025-04-24 14:00:00,13:00-14:00
2025-04-24,POD_ADLIN_1_UNITS-APND,-1.50194,2025-04-24 14:00:00,2025-04-24 15:00:00,14:00-15:00
2025-04-24,POD_ADLIN_1_UNITS-APND,1.40885,2025-04-24 15:00:00,2025-04-24 16:00:00,15:00-16:00
2025-04-24,POD_ADLIN_1_UNITS-APND,8.17147,2025-04-24 16:00:00,2025-04-24 17:00:00,16:00-17:00
2025-04-24,POD_ADLIN_1_UNITS-APND,11.66665,2025-04-24 17:00:00,2025-04-24 18:00:00,17:00-18:00
2025-04-24,POD_ADLIN_1_UNITS-APND,24.75471,2025-04-24 18:00:00,2025-04-24 19:00:00,18:00-19:00
2025-04-24,POD_ADLIN_1_UNITS-APND,19.10216,2025-04-24 19:00:00,2025-04-24 20:00:00,19:00-20:00
2025-04-24,POD_ADLIN_1_UNITS-APND,20.38909,2025-04-24 20:00:00,2025-04-24 21:00:00,20:00-21:00
2025-04-24,POD_ADLIN_1_UNITS-APND,18.34541,2025-04-24 21:00:00,2025-04-24 22:00:00,21:00-22:00
2025-04-24,POD_ADLIN_1_UNITS-APND,23.03916,2025-04-24 22:00:00,2025-04-24 23:00:00,22:00-23:00
2025-04-24,POD_ADLIN_1_UNITS-APND,21.63392,2025-04-24 23:00:00,2025-04-25 00:00:00,23:00-00:00
2025-04-25,POD_ADLIN_1_UNITS-APND,23.82505,2025-04-25 00:00:00,2025-04-25 01:00:00,00:00-01:00
2025-04-25,POD_ADLIN_1_UNITS-APND,23.90484,2025-04-25 01:00:00,2025-04-25 02:00:00,01:00-02:00
2025-04-25,POD_ADLIN_1_UNITS-APND,27.7583,2025-04-25 02:00:00,2025-04-25 03:00:00,02:00-03:00
2025-04-25,POD_ADLIN_1_UNITS-APND,30.26498,2025-04-25 03:00:00,2025-04-25 04:00:00,03:00-04:00
2025-04-25,POD_ADLIN_1_UNITS-APND,23.79882,2025-04-25 04:00:00,2025-04-25 05:00:00,04:00-05:00
2025-04-25,POD_ADLIN_1_UNITS-APND,26.59259,2025-04-25 05:00:00,2025-04-25 06:00:00,05:00-06:00
2025-04-25,POD_ADLIN_1_UNITS-APND,27.79471,2025-04-25 06:00:00,2025-04-25 07:00:00,06:00-07:00
2025-04-25,POD_ADLIN_1_UNITS-APND,22.91474,2025-04-25 07:00:00,2025-04-25 08:00:00,07:00-08:00
2025-04-25,POD_ADLIN_1_UNITS-APND,17.15904,2025-04-25 08:00:00,2025-04-25 09:00:00,08:00-09:00
2025-04-25,POD_ADLIN_1_UNITS-APND,16.37042,2025-04-25 09:00:00,2025-04-25 10:00:00,09:00-10:00
2025-04-25,POD_ADLIN_1_UNITS-APND,9.95134,2025-04-25 10:00:00,2025-04-25 11:00:00,10:00-11:00
2025-04-25,POD_ADLIN_1_UNITS-APND,4.01489,2025-04-25 11:00:00,2025-04-25 12:00:00,11:00-12:00
2025-04-25,POD_ADLIN_1_UNITS-APND,3.64504,2025-04-25 12:00:00,2025-04-25 13:00:00,12:00-13:00
2025-04-25,POD_ADLIN_1_UNITS-APND,-1.19474,2025-04-25 13:00:00,2025-04-25 14:00:00,13:00-14:00
2025-04-25,POD_ADLIN_1_UNITS-APND,4.4157,2025-04-25 14:00:00,2025-04-25 15:00:00,14:00-15:00
2025-04-25,POD_ADLIN_1_UNITS-APND,2.81708,2025-04-25 15:00:00,2025-04-25 16:00:00,15:00-16:00
2025-04-25,POD_ADLIN_1_UNITS-APND,10.26443,2025-04-25 16:00:00,2025-04-25 17:00:00,16:00-17:00
2025-04-25,POD_ADLIN_1_UNITS-APND,9.85013,2025-04-25 17:00:00,2025-04-25 18:00:00,17:00-18:00
2025-04-25,POD_ADLIN_1_UNITS-APND,25.08279,2025-04-25 18:00:00,2025-04-25 19:00:00,18:00-19:00
2025-04-25,POD_ADLIN_1_UNITS-APND,15.6237,2025-04-25 19:00:00,2025-04-25 20:00:00,19:00-20:00
2025-04-25,POD_ADLIN_1_UNITS-APND,18.11507,2025-04-25 20:00:00,2025-04-25 21:00:00,20:00-21:00
2025-04-25,POD_ADLIN_1_UNITS-APND,14.90053,2025-04-25 21:00:00,2025-04-25 22:00:00,21:00-22:00
2025-04-25,POD_ADLIN_1_UNITS-APND,24.82271,2025-04-25 22:00:00,2025-04-25 23:00:00,22:00-23:00
2025-04-25,POD_ADLIN_1_UNITS-APND,20.36382,2025-04-25 23:00:00,2025-04-26 00:00:00,23:00-00:00
2025-04-26,POD_ADLIN_1_UNITS-APND,22.4304,2025-04-26 00:00:00,2025-04-26 01:00:00,00:00-01:00
2025-04-26,POD_ADLIN_1_UNITS-APND,22.68826,2025-04-26 01:00:00,2025-04-26 02:00:00,01:00-02:00
2025-04-26,POD_ADLIN_1_UNITS-APND,24.29777,2025-04-26 02:00:00,2025-04-26 03:00:00,02:00-03:00
2025-04-26,POD_ADLIN_1_UNITS-APND,24.25671,2025-04-26 03:00:00,2025-04-26 04:00:00,03:00-04:00
2025-04-26,POD_ADLIN_1_UNITS-APND,22.62296,2025-04-26 04:00:00,2025-04-26 05:00:00,04:00-05:00
2025-04-26,POD_ADLIN_1_UNITS-APND,24.59416,2025-04-26 05:00:00,2025-04-26 06:00:00,05:00-06:00
2025-04-26,POD_ADLIN_1_UNITS-APND,23.95248,2025-04-26 06:00:00,2025-04-26 07:00:00,06:00-07:00
2025-04-26,POD_ADLIN_1_UNITS-APND,14.71817,2025-04-26 07:00:00,2025-04-26 08:00:00,07:00-08:00
2025-04-26,POD_ADLIN_1_UNITS-APND,7.43064,2025-04-26 08:00:00,2025-04-26 09:00:00,08:00-09:00
2025-04-26,POD_ADLIN_1_UNITS-APND,9.61551,2025-04-26 09:00:00,2025-04-26 10:00:00,09:00-10:00
2025-04-26,POD_ADLIN_1_UNITS-APND,-0.5324,2025-04-26 10:00:00,2025-04-26 11:00:00,10:00-11:00
2025-04-26,POD_ADLIN_1_UNITS-APND,-5.93889,2025-04-26 11:00:00,2025-04-26 12:00:00,11:00-12:00
2025-04-26,POD_ADLIN_1_UNITS-APND,-7.07459,2025-04-26 12:00:00,2025-04-26 13:00:00,12:00-13:00
2025-04-26,POD_ADLIN_1_UNITS-APND,-10.67582,2025-04-26 13:00:00,2025-04-26 14:00:00,13:00-14:00
2025-04-26,POD_ADLIN_1_UNITS-APND,-13.47817,2025-04-26 14:00:00,2025-04-26 15:00:00,14:00-15:00
2025-04-26,POD_ADLIN_1_UNITS-APND,-10.51354,2025-04-26 15:00:00,2025-04-26 16:00:00,15:00-16:00
2025-04-26,POD_ADLIN_1_UNITS-APND,0.95513,2025-04-26 16:00:00,2025-04-26 17:00:00,16:00-17:00
2025-04-26,POD_ADLIN_1_UNITS-APND,7.81176,2025-04-26 17:00:00,2025-04-26 18:00:00,17:00-18:00
2025-04-26,POD_ADLIN_1_UNITS-APND,14.31051,2025-04-26 18:00:00,2025-04-26 19:00:00,18:00-19:00
2025-04-26,POD_ADLIN_1_UNITS-APND,13.27624,2025-04-26 19:00:00,2025-04-26 20:00:00,19:00-20:00
2025-04-26,POD_ADLIN_1_UNITS-APND,19.51336,2025-04-26 20:00:00,2025-04-26 21:00:00,20:00-21:00
2025-04-26,POD_ADLIN_1_UNITS-APND,17.33603,2025-04-26 21:00:00,2025-04-26 22:00:00,21:00-22:00
2025-04-26,POD_ADLIN_1_UNITS-APND,16.8845,2025-04-26 22:00:00,2025-04-26 23:00:00,22:00-23:00
2025-04-26,POD_ADLIN_1_UNITS-APND,17.38117,2025-04-26 23:00:00,2025-04-27 00:00:00,23:00-00:00
2025-04-27,POD_ADLIN_1_UNITS-APND,22.27339,2025-04-27 00:00:00,2025-04-27 01:00:00,00:00-01:00
2025-04-27,POD_ADLIN_1_UNITS-APND,28.15556,2025-04-27 01:00:00,2025-04-27 02:00:00,01:00-02:00
2025-04-27,POD_ADLIN_1_UNITS-APND,20.99247,2025-04-27 02:00:00,2025-04-27 03:00:00,02:00-03:00
2025-04-27,POD_ADLIN_1_UNITS-APND,21.67732,2025-04-27 03:00:00,2025-04-27 04:00:00,03:00-04:00
2025-04-27,POD_ADLIN_1_UNITS-APND,22.93733,2025-04-27 04:00:00,2025-04-27 05:00:00,04:00-05:00
2025-04-27,POD_ADLIN_1_UNITS-APND,16.92975,2025-04-27 05:00:00,2025-04-27 06:00:00,05:00-06:00
2025-04-27,POD_ADLIN_1_UNITS-APND,18.87475,2025-04-27 06:00:00,2025-04-27 07:00:00,06:00-07:00
2025-04-27,POD_ADLIN_1_UNITS-APND,16.10389,2025-04-27 07:00:00,2025-04-27 08:00:00,07:00-08:00
2025-04-27,POD_ADLIN_1_UNITS-APND,12.14889,2025-04-27 08:00:00,2025-04-27 09:00:00,08:00-09:00
2025-04-27,POD_ADLIN_1_UNITS-APND,11.4244,2025-04-27 09:00:00,2025-04-27 10:00:00,09:00-10:00
2025-04-27,POD_ADLIN_1_UNITS-APND,1.88391,2025-04-27 10:00:00,2025-04-27 11:00:00,10:00-11:00
2025-04-27,POD_ADLIN_1_UNITS-APND,-1.97005,2025-04-27 11:00:00,2025-04-27 12:00:00,11:00-12:00
2025-04-27,POD_ADLIN_1_UNITS-APND,-3.69185,2025-04-27 12:00:00,2025-04-27 13:00:00,12:00-13:00
2025-04-27,POD_ADLIN_1_UNITS-APND,-5.91747,2025-04-27 13:00:00,2025-04-27 14:00:00,13:00-14:00
2025-04-27,POD_ADLIN_1_UNITS-APND,-6.11698,2025-04-27 14:00:00,2025-04-27 15:00:00,14:00-15:00
2025-04-27,POD_ADLIN_1_UNITS-APND,-4.86144,2025-04-27 15:00:00,2025-04-27 16:00:00,15:00-16:00
2025-04-27,POD_ADLIN_1_UNITS-APND,15.06404,2025-04-27 16:00:00,2025-04-27 17:00:00,16:00-17:00
2025-04-27,POD_ADLIN_1_UNITS-APND,5.4872,2025-04-27 17:00:00,2025-04-27 18:00:00,17:00-18:00
2025-04-27,POD_ADLIN_1_UNITS-APND,10.71434,2025-04-27 18:00:00,2025-04-27 19:00:00,18:00-19:00
2025-04-27,POD_ADLIN_1_UNITS-APND,-28.89014,2025-04-27 19:00:00,2025-04-27 20:00:00,19:00-20:00
2025-04-27,POD_ADLIN_1_UNITS-APND,14.37877,2025-04-27 20:00:00,2025-04-27 21:00:00,20:00-21:00
2025-04-27,POD_ADLIN_1_UNITS-APND,11.448,2025-04-27 21:00:00,2025-04-27 22:00:00,21:00-22:00
2025-04-27,POD_ADLIN_1_UNITS-APND,8.40604,2025-04-27 22:00:00,2025-04-27 23:00:00,22:00-23:00
2025-04-27,POD_ADLIN_1_UNITS-APND,10.28833,2025-04-27 23:00:00,2025-04-28 00:00:00,23:00-00:00
2025-04-28,POD_ADLIN_1_UNITS-APND,16.70411,2025-04-28 00:00:00,2025-04-28 01:00:00,00:00-01:00
2025-04-28,POD_ADLIN_1_UNITS-APND,22.49676,2025-04-28 01:00:00,2025-04-28 02:00:00,01:00-02:00
2025-04-28,POD_ADLIN_1_UNITS-APND,22.24497,2025-04-28 02:00:00,2025-04-28 03:00:00,02:00-03:00
2025-04-28,POD_ADLIN_1_UNITS-APND,26.14908,2025-04-28 03:00:00,2025-04-28 04:00:00,03:00-04:00
2025-04-28,POD_ADLIN_1_UNITS-APND,22.18066,2025-04-28 04:00:00,2025-04-28 05:00:00,04:00-05:00
2025-04-28,POD_ADLIN_1_UNITS-APND,22.34811,2025-04-28 05:00:00,2025-04-28 06:00:00,05:00-06:00
2025-04-28,POD_ADLIN_1_UNITS-APND,25.38276,2025-04-28 06:00:00,2025-04-28 07:00:00,06:00-07:00
2025-04-28,POD_ADLIN_1_UNITS-APND,24.13948,2025-04-28 07:00:00,2025-04-28 08:00:00,07:00-08:00
2025-04-28,POD_ADLIN_1_UNITS-APND,28.9373,2025-04-28 08:00:00,2025-04-28 09:00:00,08:00-09:00
2025-04-28,POD_ADLIN_1_UNITS-APND,14.11763,2025-04-28 09:00:00,2025-04-28 10:00:00,09:00-10:00
2025-04-28,POD_ADLIN_1_UNITS-APND,1.39861,2025-04-28 10:00:00,2025-04-28 11:00:00,10:00-11:00
2025-04-28,POD_ADLIN_1_UNITS-APND,2.72033,2025-04-28 11:00:00,2025-04-28 12:00:00,11:00-12:00
2025-04-28,POD_ADLIN_1_UNITS-APND,1.25237,2025-04-28 12:00:00,2025-04-28 13:00:00,12:00-13:00
2025-04-28,POD_ADLIN_1_UNITS-APND,0.05578,2025-04-28 13:00:00,2025-04-28 14:00:00,13:00-14:00
2025-04-28,POD_ADLIN_1_UNITS-APND,-0.09437,2025-04-28 14:00:00,2025-04-28 15:00:00,14:00-15:00
2025-04-28,POD_ADLIN_1_UNITS-APND,3.00809,2025-04-28 15:00:00,2025-04-28 16:00:00,15:00-16:00
2025-04-28,POD_ADLIN_1_UNITS-APND,4.97107,2025-04-28 16:00:00,2025-04-28 17:00:00,16:00-17:00
2025-04-28,POD_ADLIN_1_UNITS-APND,9.15475,2025-04-28 17:00:00,2025-04-28 18:00:00,17:00-18:00
2025-04-28,POD_ADLIN_1_UNITS-APND,18.63254,2025-04-28 18:00:00,2025-04-28 19:00:00,18:00-19:00
2025-04-28,POD_ADLIN_1_UNITS-APND,15.4908,2025-04-28 19:00:00,2025-04-28 20:00:00,19:00-20:00
2025-04-28,POD_ADLIN_1_UNITS-APND,20.58521,2025-04-28 20:00:00,2025-04-28 21:00:00,20:00-21:00
2025-04-28,POD_ADLIN_1_UNITS-APND,23.81113,2025-04-28 21:00:00,2025-04-28 22:00:00,21:00-22:00
2025-04-28,POD_ADLIN_1_UNITS-APND,16.16778,2025-04-28 22:00:00,2025-04-28 23:00:00,22:00-23:00
2025-04-28,POD_ADLIN_1_UNITS-APND,18.56749,2025-04-28 23:00:00,2025-04-29 00:00:00,23:00-00:00
2025-04-29,POD_ADLIN_1_UNITS-APND,17.10307,2025-04-29 00:00:00,2025-04-29 01:00:00,00:00-01:00
2025-04-29,POD_ADLIN_1_UNITS-APND,22.58963,2025-04-29 01:00:00,2025-04-29 02:00:00,01:00-02:00
2025-04-29,POD_ADLIN_1_UNITS-APND,22.76472,2025-04-29 02:00:00,2025-04-29 03:00:00,02:00-03:00
2025-04-29,POD_ADLIN_1_UNITS-APND,33.4206,2025-04-29 03:00:00,2025-04-29 04:00:00,03:00-04:00
2025-04-29,POD_ADLIN_1_UNITS-APND,25.91867,2025-04-29 04:00:00,2025-04-29 05:00:00,04:00-05:00
2025-04-29,POD_ADLIN_1_UNITS-APND,30.72975,2025-04-29 05:00:00,2025-04-29 06:00:00,05:00-06:00
2025-04-29,POD_ADLIN_1_UNITS-APND,30.44758,2025-04-29 06:00:00,2025-04-29 07:00:00,06:00-07:00
2025-04-29,POD_ADLIN_1_UNITS-APND,24.77324,2025-04-29 07:00:00,2025-04-29 08:00:00,07:00-08:00
2025-04-29,POD_ADLIN_1_UNITS-APND,25.96622,2025-04-29 08:00:00,2025-04-29 09:00:00,08:00-09:00
2025-04-29,POD_ADLIN_1_UNITS-APND,11.59744,2025-04-29 09:00:00,2025-04-29 10:00:00,09:00-10:00
2025-04-29,POD_ADLIN_1_UNITS-APND,4.6017,2025-04-29 10:00:00,2025-04-29 11:00:00,10:00-11:00
2025-04-29,POD_ADLIN_1_UNITS-APND,4.66292,2025-04-29 11:00:00,2025-04-29 12:00:00,11:00-12:00
2025-04-29,POD_ADLIN_1_UNITS-APND,2.14596,2025-04-29 12:00:00,2025-04-29 13:00:00,12:00-13:00
2025-04-29,POD_ADLIN_1_UNITS-APND,4.12177,2025-04-29 13:00:00,2025-04-29 14:00:00,13:00-14:00
2025-04-29,POD_ADLIN_1_UNITS-APND,5.56004,2025-04-29 14:00:00,2025-04-29 15:00:00,14:00-15:00
2025-04-29,POD_ADLIN_1_UNITS-APND,8.69222,2025-04-29 15:00:00,2025-04-29 16:00:00,15:00-16:00
2025-04-29,POD_ADLIN_1_UNITS-APND,13.96256,2025-04-29 16:00:00,2025-04-29 17:00:00,16:00-17:00
2025-04-29,POD_ADLIN_1_UNITS-APND,23.51692,2025-04-29 17:00:00,2025-04-29 18:00:00,17:00-18:00
2025-04-29,POD_ADLIN_1_UNITS-APND,28.59977,2025-04-29 18:00:00,2025-04-29 19:00:00,18:00-19:00
2025-04-29,POD_ADLIN_1_UNITS-APND,30.58687,2025-04-29 19:00:00,2025-04-29 20:00:00,19:00-20:00
2025-04-29,POD_ADLIN_1_UNITS-APND,31.41639,2025-04-29 20:00:00,2025-04-29 21:00:00,20:00-21:00
2025-04-29,POD_ADLIN_1_UNITS-APND,26.20206,2025-04-29 21:00:00,2025-04-29 22:00:00,21:00-22:00
2025-04-29,POD_ADLIN_1_UNITS-APND,21.57754,2025-04-29 22:00:00,2025-04-29 23:00:00,22:00-23:00
2025-04-29,POD_ADLIN_1_UNITS-APND,22.17469,2025-04-29 23:00:00,2025-04-30 00:00:00,23:00-00:00
2025-04-30,POD_ADLIN_1_UNITS-APND,28.03058,2025-04-30 00:00:00,2025-04-30 01:00:00,00:00-01:00
2025-04-30,POD_ADLIN_1_UNITS-APND,29.53625,2025-04-30 01:00:00,2025-04-30 02:00:00,01:00-02:00
2025-04-30,POD_ADLIN_1_UNITS-APND,28.34743,2025-04-30 02:00:00,2025-04-30 03:00:00,02:00-03:00
2025-04-30,POD_ADLIN_1_UNITS-APND,30.1939,2025-04-30 03:00:00,2025-04-30 04:00:00,03:00-04:00
2025-04-30,POD_ADLIN_1_UNITS-APND,31.04458,2025-04-30 04:00:00,2025-04-30 05:00:00,04:00-05:00
2025-04-30,POD_ADLIN_1_UNITS-APND,35.01296,2025-04-30 05:00:00,2025-04-30 06:00:00,05:00-06:00
2025-04-30,POD_ADLIN_1_UNITS-APND,35.63796,2025-04-30 06:00:00,2025-04-30 07:00:00,06:00-07:00
2025-04-30,POD_ADLIN_1_UNITS-APND,25.85371,2025-04-30 07:00:00,2025-04-30 08:00:00,07:00-08:00
2025-04-30,POD_ADLIN_1_UNITS-APND,27.68535,2025-04-30 08:00:00,2025-04-30 09:00:00,08:00-09:00
2025-04-30,POD_ADLIN_1_UNITS-APND,21.62945,2025-04-30 09:00:00,2025-04-30 10:00:00,09:00-10:00
2025-04-30,POD_ADLIN_1_UNITS-APND,12.81192,2025-04-30 10:00:00,2025-04-30 11:00:00,10:00-11:00
2025-04-30,POD_ADLIN_1_UNITS-APND,12.89668,2025-04-30 11:00:00,2025-04-30 12:00:00,11:00-12:00
2025-04-30,POD_ADLIN_1_UNITS-APND,9.84687,2025-04-30 12:00:00,2025-04-30 13:00:00,12:00-13:00
2025-04-30,POD_ADLIN_1_UNITS-APND,8.68406,2025-04-30 13:00:00,2025-04-30 14:00:00,13:00-14:00
2025-04-30,POD_ADLIN_1_UNITS-APND,13.21786,2025-04-30 14:00:00,2025-04-30 15:00:00,14:00-15:00
2025-04-30,POD_ADLIN_1_UNITS-APND,16.25411,2025-04-30 15:00:00,2025-04-30 16:00:00,15:00-16:00
2025-04-30,POD_ADLIN_1_UNITS-APND,21.52438,2025-04-30 16:00:00,2025-04-30 17:00:00,16:00-17:00
2025-04-30,POD_ADLIN_1_UNITS-APND,30.46328,2025-04-30 17:00:00,2025-04-30 18:00:00,17:00-18:00
2025-04-30,POD_ADLIN_1_UNITS-APND,42.20796,2025-04-30 18:00:00,2025-04-30 19:00:00,18:00-19:00
2025-04-30,POD_ADLIN_1_UNITS-APND,33.29712,2025-04-30 19:00:00,2025-04-30 20:00:00,19:00-20:00
2025-04-30,POD_ADLIN_1_UNITS-APND,26.89545,2025-04-30 20:00:00,2025-04-30 21:00:00,20:00-21:00
2025-04-30,POD_ADLIN_1_UNITS-APND,23.03125,2025-04-30 21:00:00,2025-04-30 22:00:00,21:00-22:00
2025-04-30,POD_ADLIN_1_UNITS-APND,20.86956,2025-04-30 22:00:00,2025-04-30 23:00:00,22:00-23:00
2025-04-30,POD_ADLIN_1_UNITS-APND,25.45516,2025-04-30 23:00:00,2025-05-01 00:00:00,23:00-00:00
2025-05-01,POD_ADLIN_1_UNITS-APND,20.62885,2025-05-01 00:00:00,2025-05-01 01:00:00,00:00-01:00
2025-05-01,POD_ADLIN_1_UNITS-APND,22.30068,2025-05-01 01:00:00,2025-05-01 02:00:00,01:00-02:00
2025-05-01,POD_ADLIN_1_UNITS-APND,28.14693,2025-05-01 02:00:00,2025-05-01 03:00:00,02:00-03:00
2025-05-01,POD_ADLIN_1_UNITS-APND,28.36364,2025-05-01 03:00:00,2025-05-01 04:00:00,03:00-04:00
2025-05-01,POD_ADLIN_1_UNITS-APND,27.08269,2025-05-01 04:00:00,2025-05-01 05:00:00,04:00-05:00
2025-05-01,POD_ADLIN_1_UNITS-APND,27.06021,2025-05-01 05:00:00,2025-05-01 06:00:00,05:00-06:00
2025-05-01,POD_ADLIN_1_UNITS-APND,25.36511,2025-05-01 06:00:00,2025-05-01 07:00:00,06:00-07:00
2025-05-01,POD_ADLIN_1_UNITS-APND,14.75191,2025-05-01 07:00:00,2025-05-01 08:00:00,07:00-08:00
2025-05-01,POD_ADLIN_1_UNITS-APND,11.49913,2025-05-01 08:00:00,2025-05-01 09:00:00,08:00-09:00
2025-05-01,POD_ADLIN_1_UNITS-APND,7.32684,2025-05-01 09:00:00,2025-05-01 10:00:00,09:00-10:00
2025-05-01,POD_ADLIN_1_UNITS-APND,-4.41031,2025-05-01 10:00:00,2025-05-01 11:00:00,10:00-11:00
2025-05-01,POD_ADLIN_1_UNITS-APND,3.77283,2025-05-01 11:00:00,2025-05-01 12:00:00,11:00-12:00
2025-05-01,POD_ADLIN_1_UNITS-APND,4.3423,2025-05-01 12:00:00,2025-05-01 13:00:00,12:00-13:00
2025-05-01,POD_ADLIN_1_UNITS-APND,5.65477,2025-05-01 13:00:00,2025-05-01 14:00:00,13:00-14:00
2025-05-01,POD_ADLIN_1_UNITS-APND,6.74951,2025-05-01 14:00:00,2025-05-01 15:00:00,14:00-15:00
2025-05-01,POD_ADLIN_1_UNITS-APND,10.35328,2025-05-01 15:00:00,2025-05-01 16:00:00,15:00-16:00
2025-05-01,POD_ADLIN_1_UNITS-APND,18.53283,2025-05-01 16:00:00,2025-05-01 17:00:00,16:00-17:00
2025-05-01,POD_ADLIN_1_UNITS-APND,18.90077,2025-05-01 17:00:00,2025-05-01 18:00:00,17:00-18:00
2025-05-01,POD_ADLIN_1_UNITS-APND,20.65378,2025-05-01 18:00:00,2025-05-01 19:00:00,18:00-19:00
2025-05-01,POD_ADLIN_1_UNITS-APND,-0.40185,2025-05-01 19:00:00,2025-05-01 20:00:00,19:00-20:00
2025-05-01,POD_ADLIN_1_UNITS-APND,18.68142,2025-05-01 20:00:00,2025-05-01 21:00:00,20:00-21:00
2025-05-01,POD_ADLIN_1_UNITS-APND,27.56207,2025-05-01 21:00:00,2025-05-01 22:00:00,21:00-22:00
2025-05-01,POD_ADLIN_1_UNITS-APND,25.88564,2025-05-01 22:00:00,2025-05-01 23:00:00,22:00-23:00
2025-05-01,POD_ADLIN_1_UNITS-APND,24.32694,2025-05-01 23:00:00,2025-05-02 00:00:00,23:00-00:00
2025-05-02,POD_ADLIN_1_UNITS-APND,27.59097,2025-05-02 00:00:00,2025-05-02 01:00:00,00:00-01:00
2025-05-02,POD_ADLIN_1_UNITS-APND,31.0274,2025-05-02 01:00:00,2025-05-02 02:00:00,01:00-02:00
2025-05-02,POD_ADLIN_1_UNITS-APND,31.21983,2025-05-02 02:00:00,2025-05-02 03:00:00,02:00-03:00
2025-05-02,POD_ADLIN_1_UNITS-APND,31.55241,2025-05-02 03:00:00,2025-05-02 04:00:00,03:00-04:00
2025-05-02,POD_ADLIN_1_UNITS-APND,29.31378,2025-05-02 04:00:00,2025-05-02 05:00:00,04:00-05:00
2025-05-02,POD_ADLIN_1_UNITS-APND,37.97688,2025-05-02 05:00:00,2025-05-02 06:00:00,05:00-06:00
2025-05-02,POD_ADLIN_1_UNITS-APND,27.11589,2025-05-02 06:00:00,2025-05-02 07:00:00,06:00-07:00
2025-05-02,POD_ADLIN_1_UNITS-APND,17.58286,2025-05-02 07:00:00,2025-05-02 08:00:00,07:00-08:00
2025-05-02,POD_ADLIN_1_UNITS-APND,14.8527,2025-05-02 08:00:00,2025-05-02 09:00:00,08:00-09:00
2025-05-02,POD_ADLIN_1_UNITS-APND,9.53415,2025-05-02 09:00:00,2025-05-02 10:00:00,09:00-10:00
2025-05-02,POD_ADLIN_1_UNITS-APND,-0.43109,2025-05-02 10:00:00,2025-05-02 11:00:00,10:00-11:00
2025-05-02,POD_ADLIN_1_UNITS-APND,1.62665,2025-05-02 11:00:00,2025-05-02 12:00:00,11:00-12:00
2025-05-02,POD_ADLIN_1_UNITS-APND,0.61915,2025-05-02 12:00:00,2025-05-02 13:00:00,12:00-13:00
2025-05-02,POD_ADLIN_1_UNITS-APND,0.65508,2025-05-02 13:00:00,2025-05-02 14:00:00,13:00-14:00
2025-05-02,POD_ADLIN_1_UNITS-APND,-0.21367,2025-05-02 14:00:00,2025-05-02 15:00:00,14:00-15:00
2025-05-02,POD_ADLIN_1_UNITS-APND,2.39181,2025-05-02 15:00:00,2025-05-02 16:00:00,15:00-16:00
2025-05-02,POD_ADLIN_1_UNITS-APND,5.48773,2025-05-02 16:00:00,2025-05-02 17:00:00,16:00-17:00
2025-05-02,POD_ADLIN_1_UNITS-APND,11.83036,2025-05-02 17:00:00,2025-05-02 18:00:00,17:00-18:00
2025-05-02,POD_ADLIN_1_UNITS-APND,19.15878,2025-05-02 18:00:00,2025-05-02 19:00:00,18:00-19:00
2025-05-02,POD_ADLIN_1_UNITS-APND,17.11621,2025-05-02 19:00:00,2025-05-02 20:00:00,19:00-20:00
2025-05-02,POD_ADLIN_1_UNITS-APND,29.52917,2025-05-02 20:00:00,2025-05-02 21:00:00,20:00-21:00
2025-05-02,POD_ADLIN_1_UNITS-APND,28.8124,2025-05-02 21:00:00,2025-05-02 22:00:00,21:00-22:00
2025-05-02,POD_ADLIN_1_UNITS-APND,26.20413,2025-05-02 22:00:00,2025-05-02 23:00:00,22:00-23:00
2025-05-02,POD_ADLIN_1_UNITS-APND,30.54646,2025-05-02 23:00:00,2025-05-03 00:00:00,23:00-00:00
2025-05-03,POD_ADLIN_1_UNITS-APND,19.8363,2025-05-03 00:00:00,2025-05-03 01:00:00,00:00-01:00
2025-05-03,POD_ADLIN_1_UNITS-APND,27.08577,2025-05-03 01:00:00,2025-05-03 02:00:00,01:00-02:00
2025-05-03,POD_ADLIN_1_UNITS-APND,17.17364,2025-05-03 02:00:00,2025-05-03 03:00:00,02:00-03:00
2025-05-03,POD_ADLIN_1_UNITS-APND,19.29972,2025-05-03 03:00:00,2025-05-03 04:00:00,03:00-04:00
2025-05-03,POD_ADLIN_1_UNITS-APND,21.12109,2025-05-03 04:00:00,2025-05-03 05:00:00,04:00-05:00
2025-05-03,POD_ADLIN_1_UNITS-APND,19.68037,2025-05-03 05:00:00,2025-05-03 06:00:00,05:00-06:00
2025-05-03,POD_ADLIN_1_UNITS-APND,13.63373,2025-05-03 06:00:00,2025-05-03 07:00:00,06:00-07:00
2025-05-03,POD_ADLIN_1_UNITS-APND,11.11594,2025-05-03 07:00:00,2025-05-03 08:00:00,07:00-08:00
2025-05-03,POD_ADLIN_1_UNITS-APND,17.6764,2025-05-03 08:00:00,2025-05-03 09:00:00,08:00-09:00
2025-05-03,POD_ADLIN_1_UNITS-APND,14.61175,2025-05-03 09:00:00,2025-05-03 10:00:00,09:00-10:00
2025-05-03,POD_ADLIN_1_UNITS-APND,6.12606,2025-05-03 10:00:00,2025-05-03 11:00:00,10:00-11:00
2025-05-03,POD_ADLIN_1_UNITS-APND,1.01726,2025-05-03 11:00:00,2025-05-03 12:00:00,11:00-12:00
2025-05-03,POD_ADLIN_1_UNITS-APND,-1.77861,2025-05-03 12:00:00,2025-05-03 13:00:00,12:00-13:00
2025-05-03,POD_ADLIN_1_UNITS-APND,-5.9414,2025-05-03 13:00:00,2025-05-03 14:00:00,13:00-14:00
2025-05-03,POD_ADLIN_1_UNITS-APND,-6.06504,2025-05-03 14:00:00,2025-05-03 15:00:00,14:00-15:00
2025-05-03,POD_ADLIN_1_UNITS-APND,-2.25858,2025-05-03 15:00:00,2025-05-03 16:00:00,15:00-16:00
2025-05-03,POD_ADLIN_1_UNITS-APND,0.65327,2025-05-03 16:00:00,2025-05-03 17:00:00,16:00-17:00
2025-05-03,POD_ADLIN_1_UNITS-APND,5.18264,2025-05-03 17:00:00,2025-05-03 18:00:00,17:00-18:00
2025-05-03,POD_ADLIN_1_UNITS-APND,13.91231,2025-05-03 18:00:00,2025-05-03 19:00:00,18:00-19:00
2025-05-03,POD_ADLIN_1_UNITS-APND,-23.51652,2025-05-03 19:00:00,2025-05-03 20:00:00,19:00-20:00
2025-05-03,POD_ADLIN_1_UNITS-APND,10.79535,2025-05-03 20:00:00,2025-05-03 21:00:00,20:00-21:00
2025-05-03,POD_ADLIN_1_UNITS-APND,12.33903,2025-05-03 21:00:00,2025-05-03 22:00:00,21:00-22:00
2025-05-03,POD_ADLIN_1_UNITS-APND,8.07995,2025-05-03 22:00:00,2025-05-03 23:00:00,22:00-23:00
2025-05-03,POD_ADLIN_1_UNITS-APND,11.90409,2025-05-03 23:00:00,2025-05-04 00:00:00,23:00-00:00
2025-05-04,POD_ADLIN_1_UNITS-APND,-26.59934,2025-05-04 00:00:00,2025-05-04 01:00:00,00:00-01:00
2025-05-04,POD_ADLIN_1_UNITS-APND,-7.58717,2025-05-04 01:00:00,2025-05-04 02:00:00,01:00-02:00
2025-05-04,POD_ADLIN_1_UNITS-APND,-28.64563,2025-05-04 02:00:00,2025-05-04 03:00:00,02:00-03:00
2025-05-04,POD_ADLIN_1_UNITS-APND,4.04629,2025-05-04 03:00:00,2025-05-04 04:00:00,03:00-04:00
2025-05-04,POD_ADLIN_1_UNITS-APND,-21.89843,2025-05-04 04:00:00,2025-05-04 05:00:00,04:00-05:00
2025-05-04,POD_ADLIN_1_UNITS-APND,10.18871,2025-05-04 05:00:00,2025-05-04 06:00:00,05:00-06:00
2025-05-04,POD_ADLIN_1_UNITS-APND,-0.94784,2025-05-04 06:00:00,2025-05-04 07:00:00,06:00-07:00
2025-05-04,POD_ADLIN_1_UNITS-APND,3.24002,2025-05-04 07:00:00,2025-05-04 08:00:00,07:00-08:00
2025-05-04,POD_ADLIN_1_UNITS-APND,4.40741,2025-05-04 08:00:00,2025-05-04 09:00:00,08:00-09:00
2025-05-04,POD_ADLIN_1_UNITS-APND,-0.35716,2025-05-04 09:00:00,2025-05-04 10:00:00,09:00-10:00
2025-05-04,POD_ADLIN_1_UNITS-APND,-14.23522,2025-05-04 10:00:00,2025-05-04 11:00:00,10:00-11:00
2025-05-04,POD_ADLIN_1_UNITS-APND,-10.37782,2025-05-04 11:00:00,2025-05-04 12:00:00,11:00-12:00
2025-05-04,POD_ADLIN_1_UNITS-APND,-11.04655,2025-05-04 12:00:00,2025-05-04 13:00:00,12:00-13:00
2025-05-04,POD_ADLIN_1_UNITS-APND,-15.7812,2025-05-04 13:00:00,2025-05-04 14:00:00,13:00-14:00
2025-05-04,POD_ADLIN_1_UNITS-APND,-11.07289,2025-05-04 14:00:00,2025-05-04 15:00:00,14:00-15:00
2025-05-04,POD_ADLIN_1_UNITS-APND,-6.26087,2025-05-04 15:00:00,2025-05-04 16:00:00,15:00-16:00
2025-05-04,POD_ADLIN_1_UNITS-APND,-5.27578,2025-05-04 16:00:00,2025-05-04 17:00:00,16:00-17:00
2025-05-04,POD_ADLIN_1_UNITS-APND,12.5867,2025-05-04 17:00:00,2025-05-04 18:00:00,17:00-18:00
2025-05-04,POD_ADLIN_1_UNITS-APND,21.64416,2025-05-04 18:00:00,2025-05-04 19:00:00,18:00-19:00
2025-05-04,POD_ADLIN_1_UNITS-APND,12.85805,2025-05-04 19:00:00,2025-05-04 20:00:00,19:00-20:00
2025-05-04,POD_ADLIN_1_UNITS-APND,25.61748,2025-05-04 20:00:00,2025-05-04 21:00:00,20:00-21:00
2025-05-04,POD_ADLIN_1_UNITS-APND,24.28985,2025-05-04 21:00:00,2025-05-04 22:00:00,21:00-22:00
2025-05-04,POD_ADLIN_1_UNITS-APND,21.26848,2025-05-04 22:00:00,2025-05-04 23:00:00,22:00-23:00
2025-05-04,POD_ADLIN_1_UNITS-APND,18.99298,2025-05-04 23:00:00,2025-05-05 00:00:00,23:00-00:00
2025-05-05,POD_ADLIN_1_UNITS-APND,-2.11143,2025-05-05 00:00:00,2025-05-05 01:00:00,00:00-01:00
2025-05-05,POD_ADLIN_1_UNITS-APND,-33.97572,2025-05-05 01:00:00,2025-05-05 02:00:00,01:00-02:00
2025-05-05,POD_ADLIN_1_UNITS-APND,-27.35282,2025-05-05 02:00:00,2025-05-05 03:00:00,02:00-03:00
2025-05-05,POD_ADLIN_1_UNITS-APND,-39.36004,2025-05-05 03:00:00,2025-05-05 04:00:00,03:00-04:00
2025-05-05,POD_ADLIN_1_UNITS-APND,-85.90382,2025-05-05 04:00:00,2025-05-05 05:00:00,04:00-05:00
2025-05-05,POD_ADLIN_1_UNITS-APND,5.05027,2025-05-05 05:00:00,2025-05-05 06:00:00,05:00-06:00
2025-05-05,POD_ADLIN_1_UNITS-APND,-10.38851,2025-05-05 06:00:00,2025-05-05 07:00:00,06:00-07:00
2025-05-05,POD_ADLIN_1_UNITS-APND,-10.32741,2025-05-05 07:00:00,2025-05-05 08:00:00,07:00-08:00
2025-05-05,POD_ADLIN_1_UNITS-APND,17.17836,2025-05-05 08:00:00,2025-05-05 09:00:00,08:00-09:00
2025-05-05,POD_ADLIN_1_UNITS-APND,12.45887,2025-05-05 09:00:00,2025-05-05 10:00:00,09:00-10:00
2025-05-05,POD_ADLIN_1_UNITS-APND,6.96377,2025-05-05 10:00:00,2025-05-05 11:00:00,10:00-11:00
2025-05-05,POD_ADLIN_1_UNITS-APND,6.55243,2025-05-05 11:00:00,2025-05-05 12:00:00,11:00-12:00
2025-05-05,POD_ADLIN_1_UNITS-APND,4.70809,2025-05-05 12:00:00,2025-05-05 13:00:00,12:00-13:00
2025-05-05,POD_ADLIN_1_UNITS-APND,0.17089,2025-05-05 13:00:00,2025-05-05 14:00:00,13:00-14:00
2025-05-05,POD_ADLIN_1_UNITS-APND,0.06426,2025-05-05 14:00:00,2025-05-05 15:00:00,14:00-15:00
2025-05-05,POD_ADLIN_1_UNITS-APND,3.23653,2025-05-05 15:00:00,2025-05-05 16:00:00,15:00-16:00
2025-05-05,POD_ADLIN_1_UNITS-APND,11.73987,2025-05-05 16:00:00,2025-05-05 17:00:00,16:00-17:00
2025-05-05,POD_ADLIN_1_UNITS-APND,14.73744,2025-05-05 17:00:00,2025-05-05 18:00:00,17:00-18:00
2025-05-05,POD_ADLIN_1_UNITS-APND,23.96294,2025-05-05 18:00:00,2025-05-05 19:00:00,18:00-19:00
2025-05-05,POD_ADLIN_1_UNITS-APND,-24.04477,2025-05-05 19:00:00,2025-05-05 20:00:00,19:00-20:00
2025-05-05,POD_ADLIN_1_UNITS-APND,11.33987,2025-05-05 20:00:00,2025-05-05 21:00:00,20:00-21:00
2025-05-05,POD_ADLIN_1_UNITS-APND,-4.4036,2025-05-05 21:00:00,2025-05-05 22:00:00,21:00-22:00
2025-05-05,POD_ADLIN_1_UNITS-APND,-2.27133,2025-05-05 22:00:00,2025-05-05 23:00:00,22:00-23:00
2025-05-05,POD_ADLIN_1_UNITS-APND,-37.83817,2025-05-05 23:00:00,2025-05-06 00:00:00,23:00-00:00
2025-05-06,POD_ADLIN_1_UNITS-APND,-71.61084,2025-05-06 00:00:00,2025-05-06 01:00:00,00:00-01:00
2025-05-06,POD_ADLIN_1_UNITS-APND,-75.86549,2025-05-06 01:00:00,2025-05-06 02:00:00,01:00-02:00
2025-05-06,POD_ADLIN_1_UNITS-APND,-40.15463,2025-05-06 02:00:00,2025-05-06 03:00:00,02:00-03:00
2025-05-06,POD_ADLIN_1_UNITS-APND,-71.59012,2025-05-06 03:00:00,2025-05-06 04:00:00,03:00-04:00
2025-05-06,POD_ADLIN_1_UNITS-APND,-65.60463,2025-05-06 04:00:00,2025-05-06 05:00:00,04:00-05:00
2025-05-06,POD_ADLIN_1_UNITS-APND,-48.95387,2025-05-06 05:00:00,2025-05-06 06:00:00,05:00-06:00
2025-05-06,POD_ADLIN_1_UNITS-APND,-58.76574,2025-05-06 06:00:00,2025-05-06 07:00:00,06:00-07:00
2025-05-06,POD_ADLIN_1_UNITS-APND,-52.43339,2025-05-06 07:00:00,2025-05-06 08:00:00,07:00-08:00
2025-05-06,POD_ADLIN_1_UNITS-APND,1.56119,2025-05-06 08:00:00,2025-05-06 09:00:00,08:00-09:00
2025-05-06,POD_ADLIN_1_UNITS-APND,9.23557,2025-05-06 09:00:00,2025-05-06 10:00:00,09:00-10:00
2025-05-06,POD_ADLIN_1_UNITS-APND,-7.28149,2025-05-06 10:00:00,2025-05-06 11:00:00,10:00-11:00
2025-05-06,POD_ADLIN_1_UNITS-APND,-0.72,2025-05-06 11:00:00,2025-05-06 12:00:00,11:00-12:00
2025-05-06,POD_ADLIN_1_UNITS-APND,-1.79349,2025-05-06 12:00:00,2025-05-06 13:00:00,12:00-13:00
2025-05-06,POD_ADLIN_1_UNITS-APND,-7.83451,2025-05-06 13:00:00,2025-05-06 14:00:00,13:00-14:00
2025-05-06,POD_ADLIN_1_UNITS-APND,-0.60417,2025-05-06 14:00:00,2025-05-06 15:00:00,14:00-15:00
2025-05-06,POD_ADLIN_1_UNITS-APND,3.91841,2025-05-06 15:00:00,2025-05-06 16:00:00,15:00-16:00
2025-05-06,POD_ADLIN_1_UNITS-APND,6.70962,2025-05-06 16:00:00,2025-05-06 17:00:00,16:00-17:00
2025-05-06,POD_ADLIN_1_UNITS-APND,15.27219,2025-05-06 17:00:00,2025-05-06 18:00:00,17:00-18:00
2025-05-06,POD_ADLIN_1_UNITS-APND,-35.84723,2025-05-06 18:00:00,2025-05-06 19:00:00,18:00-19:00
2025-05-06,POD_ADLIN_1_UNITS-APND,-71.42739,2025-05-06 19:00:00,2025-05-06 20:00:00,19:00-20:00
2025-05-06,POD_ADLIN_1_UNITS-APND,-38.77131,2025-05-06 20:00:00,2025-05-06 21:00:00,20:00-21:00
2025-05-06,POD_ADLIN_1_UNITS-APND,-57.76825,2025-05-06 21:00:00,2025-05-06 22:00:00,21:00-22:00
2025-05-06,POD_ADLIN_1_UNITS-APND,-37.81099,2025-05-06 22:00:00,2025-05-06 23:00:00,22:00-23:00
2025-05-06,POD_ADLIN_1_UNITS-APND,-66.71514,2025-05-06 23:00:00,2025-05-07 00:00:00,23:00-00:00
